Goal,Target,Indicator,SeriesCode,SeriesDescription,GeoAreaCode,GeoAreaName,TimePeriod,Value,Time_Detail,Source,FootNote,Nature,Units,[Age],[Bounds],[Cities],[Disability status],[Hazard type],[IHR Capacity],[Location],[Migratory status],[Name of international institution],[Name of non-communicable disease],[Quantile],[Reporting Type],[Sex],[Type of occupation],[Type of product]
"1","1.1","1.1.1","SI_POV_DAY1","Proportion of population below international poverty line (%)","76","Brazil","2016","4.3","2016","World Development Indicators database, World Bank","Estimated from unit-record income data.","G","PERCENT","","","","","","","","","","","","G","","",""
"1","1.1","1.1.1","SI_POV_DAY1","Proportion of population below international poverty line (%)","76","Brazil","2017","4.8","2017","World Development Indicators database, World Bank","Estimated from unit-record income data.","G","PERCENT","","","","","","","","","","","","G","","",""
"1","1.1","1.1.1","SI_POV_DAY1","Proportion of population below international poverty line (%)","288","Ghana","2016","13.3","2016","World Development Indicators database, World Bank","Estimated from unit-record consumption data.","G","PERCENT","","","","","","","","","","","","G","","",""
"1","1.1","1.1.1","SI_POV_DAY1","Proportion of population below international poverty line (%)","360","Indonesia","2016","6.5","2016","World Development Indicators database, World Bank","Estimated from unit-record consumption data. National estimate is based on aggregation of rural and urban distributions. See PovcalNet (http://iresearch.worldbank.org/PovcalNet) for separate rural and urban estimates.","G","PERCENT","","","","","","","","","","","","G","","",""
"1","1.1","1.1.1","SI_POV_DAY1","Proportion of population below international poverty line (%)","360","Indonesia","2017","5.7","2017","World Development Indicators database, World Bank","Estimated from unit-record consumption data. National estimate is based on aggregation of rural and urban distributions. See PovcalNet (http://iresearch.worldbank.org/PovcalNet) for separate rural and urban estimates.","G","PERCENT","","","","","","","","","","","","G","","",""
"1","1.1","1.1.1","SI_POV_DAY1","Proportion of population below international poverty line (%)","376","Israel","2016","0.2","2016","World Development Indicators database, World Bank","Estimated from unit-record income data.","G","PERCENT","","","","","","","","","","","","G","","",""
"1","1.1","1.1.1","SI_POV_DAY1","Proportion of population below international poverty line (%)","430","Liberia","2016","40.9","2016","World Development Indicators database, World Bank","Estimated from unit-record consumption data.","G","PERCENT","","","","","","","","","","","","G","","",""
"1","1.1","1.1.1","SI_POV_DAY1","Proportion of population below international poverty line (%)","454","Malawi","2016","70.3","2016","World Development Indicators database, World Bank","Estimated from unit-record consumption data.","G","PERCENT","","","","","","","","","","","","G","","",""
"1","1.1","1.1.1","SI_POV_DAY1","Proportion of population below international poverty line (%)","764","Thailand","2016","0","2016","World Development Indicators database, World Bank","Estimated from unit-record consumption data.","G","PERCENT","","","","","","","","","","","","G","","",""
"1","1.1","1.1.1","SI_POV_DAY1","Proportion of population below international poverty line (%)","764","Thailand","2017","0","2017","World Development Indicators database, World Bank","Estimated from unit-record consumption data.","G","PERCENT","","","","","","","","","","","","G","","",""
"1","1.1","1.1.1","SI_POV_DAY1","Proportion of population below international poverty line (%)","800","Uganda","2016","41.7","2016","World Development Indicators database, World Bank","Estimated from unit-record consumption data.","G","PERCENT","","","","","","","","","","","","G","","",""
"1","1.3","1.3.1","SI_COV_MATNL","[ILO] Proportion of mothers with newborns receiving maternity cash benefit (%)","76","Brazil","2016","45.0","","ILO Social Security Inquiry (SSI). Available at http://www.social-protection.org/gimi/gess/ShowWiki.action?id=594#tabs-3","ILO estimates based on country data","E","PERCENT","","","","","","","","","","","","G","FEMALE","",""
"1","1.3","1.3.1","SI_COV_MATNL","[ILO] Proportion of mothers with newborns receiving maternity cash benefit (%)","104","Myanmar","2016","0.7","","ILO Social Security Inquiry (SSI). Available at http://www.social-protection.org/gimi/gess/ShowWiki.action?id=594#tabs-3","ILO estimates based on country data","E","PERCENT","","","","","","","","","","","","G","FEMALE","",""
"1","1.3","1.3.1","SI_COV_MATNL","[ILO] Proportion of mothers with newborns receiving maternity cash benefit (%)","120","Cameroon","2016","0.6","","ILO Social Security Inquiry (SSI). Available at http://www.social-protection.org/gimi/gess/ShowWiki.action?id=594#tabs-3","ILO estimates based on country data","E","PERCENT","","","","","","","","","","","","G","FEMALE","",""
"1","1.3","1.3.1","SI_COV_MATNL","[ILO] Proportion of mothers with newborns receiving maternity cash benefit (%)","156","China","2016","15.1","","ILO Social Security Inquiry (SSI). Available at http://www.social-protection.org/gimi/gess/ShowWiki.action?id=594#tabs-3","ILO estimates based on country data","E","PERCENT","","","","","","","","","","","","G","FEMALE","",""
"1","1.3","1.3.1","SI_COV_MATNL","[ILO] Proportion of mothers with newborns receiving maternity cash benefit (%)","156","China","2017","64.9","","ILO Social Security Inquiry (SSI). Available at http://www.social-protection.org/gimi/gess/ShowWiki.action?id=594#tabs-3","ILO estimates based on country data","E","PERCENT","","","","","","","","","","","","G","FEMALE","",""
"1","1.3","1.3.1","SI_COV_MATNL","[ILO] Proportion of mothers with newborns receiving maternity cash benefit (%)","202","Sub-Saharan Africa","2016","2.3","","ILO estimates based on country data compled through the ILO Social Security Inquiry (SSI)","To interpret with caution: estimates based on reported data coverage below 40% of the population","E","PERCENT","","","","","","","","","","","","G","BOTHSEX","",""
"1","1.3","1.3.1","SI_COV_MATNL","[ILO] Proportion of mothers with newborns receiving maternity cash benefit (%)","203","Czechia","2016","100.0","","ILO Social Security Inquiry (SSI). Available at http://www.social-protection.org/gimi/gess/ShowWiki.action?id=594#tabs-3","ILO estimates based on country data","E","PERCENT","","","","","","","","","","","","G","FEMALE","",""
"1","1.3","1.3.1","SI_COV_MATNL","[ILO] Proportion of mothers with newborns receiving maternity cash benefit (%)","208","Denmark","2016","100.0","","ILO Social Security Inquiry (SSI). Available at http://www.social-protection.org/gimi/gess/ShowWiki.action?id=594#tabs-3","ILO estimates based on country data","E","PERCENT","","","","","","","","","","","","G","FEMALE","",""
"1","1.3","1.3.1","SI_COV_MATNL","[ILO] Proportion of mothers with newborns receiving maternity cash benefit (%)","276","Germany","2016","100.0","","ILO Social Security Inquiry (SSI). Available at http://www.social-protection.org/gimi/gess/ShowWiki.action?id=594#tabs-3","ILO estimates based on country data","E","PERCENT","","","","","","","","","","","","G","FEMALE","",""
"1","1.3","1.3.1","SI_COV_MATNL","[ILO] Proportion of mothers with newborns receiving maternity cash benefit (%)","288","Ghana","2016","41.7","","ILO Social Security Inquiry (SSI). Available at http://www.social-protection.org/gimi/gess/ShowWiki.action?id=594#tabs-3","ILO estimates based on country data","E","PERCENT","","","","","","","","","","","","G","FEMALE","",""
"1","1.3","1.3.1","SI_COV_MATNL","[ILO] Proportion of mothers with newborns receiving maternity cash benefit (%)","320","Guatemala","2016","14.0","","ILO Social Security Inquiry (SSI). Available at http://www.social-protection.org/gimi/gess/ShowWiki.action?id=594#tabs-3","ILO estimates based on country data","E","PERCENT","","","","","","","","","","","","G","FEMALE","",""
"1","1.3","1.3.1","SI_COV_MATNL","[ILO] Proportion of mothers with newborns receiving maternity cash benefit (%)","356","India","2016","41.0","","ILO Social Security Inquiry (SSI). Available at http://www.social-protection.org/gimi/gess/ShowWiki.action?id=594#tabs-3","ILO estimates based on country data","E","PERCENT","","","","","","","","","","","","G","FEMALE","",""
"1","1.3","1.3.1","SI_COV_MATNL","[ILO] Proportion of mothers with newborns receiving maternity cash benefit (%)","372","Ireland","2016","100.0","","ILO Social Security Inquiry (SSI). Available at http://www.social-protection.org/gimi/gess/ShowWiki.action?id=594#tabs-3","ILO estimates based on country data","E","PERCENT","","","","","","","","","","","","G","FEMALE","",""
"1","1.3","1.3.1","SI_COV_MATNL","[ILO] Proportion of mothers with newborns receiving maternity cash benefit (%)","508","Mozambique","2016","0.2","","ILO Social Security Inquiry (SSI). Available at http://www.social-protection.org/gimi/gess/ShowWiki.action?id=594#tabs-3","ILO estimates based on country data","E","PERCENT","","","","","","","","","","","","G","FEMALE","",""
"1","1.3","1.3.1","SI_COV_MATNL","[ILO] Proportion of mothers with newborns receiving maternity cash benefit (%)","566","Nigeria","2016","0.1","","ILO Social Security Inquiry (SSI). Available at http://www.social-protection.org/gimi/gess/ShowWiki.action?id=594#tabs-3","ILO estimates based on country data","E","PERCENT","","","","","","","","","","","","G","FEMALE","",""
"1","1.3","1.3.1","SI_COV_MATNL","[ILO] Proportion of mothers with newborns receiving maternity cash benefit (%)","620","Portugal","2016","100.0","","ILO Social Security Inquiry (SSI). Available at http://www.social-protection.org/gimi/gess/ShowWiki.action?id=594#tabs-3","ILO estimates based on country data","E","PERCENT","","","","","","","","","","","","G","FEMALE","",""
"1","1.3","1.3.1","SI_COV_MATNL","[ILO] Proportion of mothers with newborns receiving maternity cash benefit (%)","722","Small island developing States (SIDS)","2016","63.6","","ILO estimates based on country data compled through the ILO Social Security Inquiry (SSI)","To interpret with caution: estimates based on reported data coverage below 40% of the population","E","PERCENT","","","","","","","","","","","","G","BOTHSEX","",""
"1","1.3","1.3.1","SI_COV_MATNL","[ILO] Proportion of mothers with newborns receiving maternity cash benefit (%)","724","Spain","2016","100.0","","ILO Social Security Inquiry (SSI). Available at http://www.social-protection.org/gimi/gess/ShowWiki.action?id=594#tabs-3","ILO estimates based on country data","E","PERCENT","","","","","","","","","","","","G","FEMALE","",""
"1","1.3","1.3.1","SI_COV_MATNL","[ILO] Proportion of mothers with newborns receiving maternity cash benefit (%)","762","Tajikistan","2016","59.5","","ILO Social Security Inquiry (SSI). Available at http://www.social-protection.org/gimi/gess/ShowWiki.action?id=594#tabs-3","ILO estimates based on country data","E","PERCENT","","","","","","","","","","","","G","FEMALE","",""
"1","1.3","1.3.1","SI_COV_MATNL","[ILO] Proportion of mothers with newborns receiving maternity cash benefit (%)","834","United Republic of Tanzania","2016","0.3","","ILO Social Security Inquiry (SSI). Available at http://www.social-protection.org/gimi/gess/ShowWiki.action?id=594#tabs-3","ILO estimates based on country data","E","PERCENT","","","","","","","","","","","","G","FEMALE","",""
"1","1.3","1.3.1","SI_COV_SOCAST","[World Bank] Proportion of population covered by social assistance programs (%)","202","Sub-Saharan Africa","2016","17.9692","2008-2016","World Development Indicators database, World Bank","","CA","PERCENT","","","","","","","","","","","","G","","",""
"1","1.3","1.3.1","SI_COV_SOCAST","[World Bank] Proportion of population covered by social assistance programs (%)","430","Liberia","2016","13.99106","2016","Liberia Institute for Statistics and Geo-Information Services - Government of Liberia","Household Income and Expenditure Survey 2016","CA","PERCENT","","","","","","","","","","","","G","","",""
"1","1.3","1.3.1","SI_COV_SOCAST","[World Bank] Proportion of population covered by social assistance programs (%)","454","Malawi","2016","41.21917","2016","National Statistical Office (NSO) - Ministry of Economic Planning and Development (MoEPD)","Fourth Integrated Household Panel Survey 2016-17","CA","PERCENT","","","","","","","","","","","","G","","",""
"1","1.3","1.3.1","SI_COV_SOCAST","[World Bank] Proportion of population covered by social assistance programs (%)","722","Small island developing States (SIDS)","2016","22.7884","2008-2016","World Development Indicators database, World Bank","","CA","PERCENT","","","","","","","","","","","","G","","",""
"1","1.3","1.3.1","SI_COV_SOCASTPQ","[World Bank] Poorest quintile covered by social assistance programs (%)","202","Sub-Saharan Africa","2016","20.69979","2008-2016","World Development Indicators database, World Bank","","CA","PERCENT","","","","","","","","","","","","G","","",""
"1","1.3","1.3.1","SI_COV_SOCASTPQ","[World Bank] Poorest quintile covered by social assistance programs (%)","430","Liberia","2016","21.00364","2016","Liberia Institute for Statistics and Geo-Information Services - Government of Liberia","Household Income and Expenditure Survey 2016","CA","PERCENT","","","","","","","","","","","","G","","",""
"1","1.3","1.3.1","SI_COV_SOCASTPQ","[World Bank] Poorest quintile covered by social assistance programs (%)","454","Malawi","2016","49.50322","2016","National Statistical Office (NSO) - Ministry of Economic Planning and Development (MoEPD)","Fourth Integrated Household Panel Survey 2016-17","CA","PERCENT","","","","","","","","","","","","G","","",""
"1","1.3","1.3.1","SI_COV_SOCASTPQ","[World Bank] Poorest quintile covered by social assistance programs (%)","722","Small island developing States (SIDS)","2016","28.1769","2008-2016","World Development Indicators database, World Bank","","CA","PERCENT","","","","","","","","","","","","G","","",""
"1","1.3","1.3.1","SI_COV_SOCINS","[World Bank] Proportion of population covered by social insurance programs (%)","202","Sub-Saharan Africa","2016","4.78541","2008-2016","World Development Indicators database, World Bank","","CA","PERCENT","","","","","","","","","","","","G","","",""
"1","1.3","1.3.1","SI_COV_SOCINS","[World Bank] Proportion of population covered by social insurance programs (%)","430","Liberia","2016","0.49643","2016","Liberia Institute for Statistics and Geo-Information Services - Government of Liberia","Household Income and Expenditure Survey 2016","CA","PERCENT","","","","","","","","","","","","G","","",""
"1","1.3","1.3.1","SI_COV_SOCINS","[World Bank] Proportion of population covered by social insurance programs (%)","454","Malawi","2016","0.56605","2016","National Statistical Office (NSO) - Ministry of Economic Planning and Development (MoEPD)","Fourth Integrated Household Panel Survey 2016-17","CA","PERCENT","","","","","","","","","","","","G","","",""
"1","1.3","1.3.1","SI_COV_SOCINS","[World Bank] Proportion of population covered by social insurance programs (%)","722","Small island developing States (SIDS)","2016","3.84724","2008-2016","World Development Indicators database, World Bank","","CA","PERCENT","","","","","","","","","","","","G","","",""
"1","1.3","1.3.1","SI_COV_SOCINSPQ","[World Bank] Poorest quintile covered by social insurance programs (%)","202","Sub-Saharan Africa","2016","3.56681","2008-2016","World Development Indicators database, World Bank","","CA","PERCENT","","","","","","","","","","","","G","","",""
"1","1.3","1.3.1","SI_COV_SOCINSPQ","[World Bank] Poorest quintile covered by social insurance programs (%)","430","Liberia","2016","0.5887","2016","Liberia Institute for Statistics and Geo-Information Services - Government of Liberia","Household Income and Expenditure Survey 2016","CA","PERCENT","","","","","","","","","","","","G","","",""
"1","1.3","1.3.1","SI_COV_SOCINSPQ","[World Bank] Poorest quintile covered by social insurance programs (%)","454","Malawi","2016","0.17777","2016","National Statistical Office (NSO) - Ministry of Economic Planning and Development (MoEPD)","Fourth Integrated Household Panel Survey 2016-17","CA","PERCENT","","","","","","","","","","","","G","","",""
"1","1.3","1.3.1","SI_COV_SOCINSPQ","[World Bank] Poorest quintile covered by social insurance programs (%)","722","Small island developing States (SIDS)","2016","2.06585","2008-2016","World Development Indicators database, World Bank","","CA","PERCENT","","","","","","","","","","","","G","","",""
"2","2.1","2.1.1","SN_ITK_DEFC","Prevalence of undernourishment (%)","20","Andorra","2016","NA","2015-2017","FAO, Statistics Division","Estimates are based on projected values","E","PERCENT","","","","","","","","","","","","G","","",""
"2","2.1","2.1.1","SN_ITK_DEFC","Prevalence of undernourishment (%)","72","Botswana","2016","28.5","2015-2017","FAO, Statistics Division","Estimates are based on projected values","E","PERCENT","","","","","","","","","","","","G","","",""
"2","2.1","2.1.1","SN_ITK_DEFC","Prevalence of undernourishment (%)","76","Brazil","2016","<2.5","2015-2017","FAO, Statistics Division","Estimates are based on projected values","E","PERCENT","","","","","","","","","","","","G","","",""
"2","2.1","2.1.1","SN_ITK_DEFC","Prevalence of undernourishment (%)","104","Myanmar","2016","10.5","2015-2017","FAO, Statistics Division","Estimates are based on projected values","E","PERCENT","","","","","","","","","","","","G","","",""
"2","2.1","2.1.1","SN_ITK_DEFC","Prevalence of undernourishment (%)","120","Cameroon","2016","7.3","2015-2017","FAO, Statistics Division","Estimates are based on projected values","E","PERCENT","","","","","","","","","","","","G","","",""
"2","2.1","2.1.1","SN_ITK_DEFC","Prevalence of undernourishment (%)","140","Central African Republic","2016","61.8","2015-2017","FAO, Statistics Division","Estimates are based on projected values","E","PERCENT","","","","","","","","","","","","G","","",""
"2","2.1","2.1.1","SN_ITK_DEFC","Prevalence of undernourishment (%)","148","Chad","2016","39.7","2015-2017","FAO, Statistics Division","Estimates are based on projected values","E","PERCENT","","","","","","","","","","","","G","","",""
"2","2.1","2.1.1","SN_ITK_DEFC","Prevalence of undernourishment (%)","156","China","2016","8.7","2015-2017","FAO, Statistics Division","Estimates are based on projected values","E","PERCENT","","","","","","","","","","","","G","","",""
"2","2.1","2.1.1","SN_ITK_DEFC","Prevalence of undernourishment (%)","178","Congo","2016","37.5","2015-2017","FAO, Statistics Division","Estimates are based on projected values","E","PERCENT","","","","","","","","","","","","G","","",""
"2","2.1","2.1.1","SN_ITK_DEFC","Prevalence of undernourishment (%)","180","Democratic Republic of the Congo","2016","NA","2015-2017","FAO, Statistics Division","Estimates are based on projected values","E","PERCENT","","","","","","","","","","","","G","","",""
"2","2.1","2.1.1","SN_ITK_DEFC","Prevalence of undernourishment (%)","202","Sub-Saharan Africa","2016","22.3","2016","FAO, Statistics Division","","E","PERCENT","","","","","","","","","","","","G","","",""
"2","2.1","2.1.1","SN_ITK_DEFC","Prevalence of undernourishment (%)","202","Sub-Saharan Africa","2017","23.2","2017","FAO, Statistics Division","Estimates are based on projected values","E","PERCENT","","","","","","","","","","","","G","","",""
"2","2.1","2.1.1","SN_ITK_DEFC","Prevalence of undernourishment (%)","203","Czechia","2016","<2.5","2015-2017","FAO, Statistics Division","Estimates are based on projected values","E","PERCENT","","","","","","","","","","","","G","","",""
"2","2.1","2.1.1","SN_ITK_DEFC","Prevalence of undernourishment (%)","204","Benin","2016","10.4","2015-2017","FAO, Statistics Division","Estimates are based on projected values","E","PERCENT","","","","","","","","","","","","G","","",""
"2","2.1","2.1.1","SN_ITK_DEFC","Prevalence of undernourishment (%)","208","Denmark","2016","<2.5","2015-2017","FAO, Statistics Division","Estimates are based on projected values","E","PERCENT","","","","","","","","","","","","G","","",""
"2","2.1","2.1.1","SN_ITK_DEFC","Prevalence of undernourishment (%)","231","Ethiopia","2016","21.4","2015-2017","FAO, Statistics Division","Estimates are based on projected values","E","PERCENT","","","","","","","","","","","","G","","",""
"2","2.1","2.1.1","SN_ITK_DEFC","Prevalence of undernourishment (%)","276","Germany","2016","<2.5","2015-2017","FAO, Statistics Division","Estimates are based on projected values","E","PERCENT","","","","","","","","","","","","G","","",""
"2","2.1","2.1.1","SN_ITK_DEFC","Prevalence of undernourishment (%)","288","Ghana","2016","6.1","2015-2017","FAO, Statistics Division","Estimates are based on projected values","E","PERCENT","","","","","","","","","","","","G","","",""
"2","2.1","2.1.1","SN_ITK_DEFC","Prevalence of undernourishment (%)","320","Guatemala","2016","15.8","2015-2017","FAO, Statistics Division","Estimates are based on projected values","E","PERCENT","","","","","","","","","","","","G","","",""
"2","2.1","2.1.1","SN_ITK_DEFC","Prevalence of undernourishment (%)","356","India","2016","14.8","2015-2017","FAO, Statistics Division","Estimates are based on projected values","E","PERCENT","","","","","","","","","","","","G","","",""
"2","2.1","2.1.1","SN_ITK_DEFC","Prevalence of undernourishment (%)","360","Indonesia","2016","7.7","2015-2017","FAO, Statistics Division","Estimates are based on projected values","E","PERCENT","","","","","","","","","","","","G","","",""
"2","2.1","2.1.1","SN_ITK_DEFC","Prevalence of undernourishment (%)","372","Ireland","2016","<2.5","2015-2017","FAO, Statistics Division","Estimates are based on projected values","E","PERCENT","","","","","","","","","","","","G","","",""
"2","2.1","2.1.1","SN_ITK_DEFC","Prevalence of undernourishment (%)","376","Israel","2016","<2.5","2015-2017","FAO, Statistics Division","Estimates are based on projected values","E","PERCENT","","","","","","","","","","","","G","","",""
"2","2.1","2.1.1","SN_ITK_DEFC","Prevalence of undernourishment (%)","404","Kenya","2016","24.2","2015-2017","FAO, Statistics Division","Estimates are based on projected values","E","PERCENT","","","","","","","","","","","","G","","",""
"2","2.1","2.1.1","SN_ITK_DEFC","Prevalence of undernourishment (%)","426","Lesotho","2016","12.8","2015-2017","FAO, Statistics Division","Estimates are based on projected values","E","PERCENT","","","","","","","","","","","","G","","",""
"2","2.1","2.1.1","SN_ITK_DEFC","Prevalence of undernourishment (%)","430","Liberia","2016","38.8","2015-2017","FAO, Statistics Division","Estimates are based on projected values","E","PERCENT","","","","","","","","","","","","G","","",""
"2","2.1","2.1.1","SN_ITK_DEFC","Prevalence of undernourishment (%)","454","Malawi","2016","26.3","2015-2017","FAO, Statistics Division","Estimates are based on projected values","E","PERCENT","","","","","","","","","","","","G","","",""
"2","2.1","2.1.1","SN_ITK_DEFC","Prevalence of undernourishment (%)","508","Mozambique","2016","30.5","2015-2017","FAO, Statistics Division","Estimates are based on projected values","E","PERCENT","","","","","","","","","","","","G","","",""
"2","2.1","2.1.1","SN_ITK_DEFC","Prevalence of undernourishment (%)","516","Namibia","2016","25.4","2015-2017","FAO, Statistics Division","Estimates are based on projected values","E","PERCENT","","","","","","","","","","","","G","","",""
"2","2.1","2.1.1","SN_ITK_DEFC","Prevalence of undernourishment (%)","520","Nauru","2016","NA","2015-2017","FAO, Statistics Division","Estimates are based on projected values","E","PERCENT","","","","","","","","","","","","G","","",""
"2","2.1","2.1.1","SN_ITK_DEFC","Prevalence of undernourishment (%)","566","Nigeria","2016","11.5","2015-2017","FAO, Statistics Division","Estimates are based on projected values","E","PERCENT","","","","","","","","","","","","G","","",""
"2","2.1","2.1.1","SN_ITK_DEFC","Prevalence of undernourishment (%)","598","Papua New Guinea","2016","NA","2015-2017","FAO, Statistics Division","Estimates are based on projected values","E","PERCENT","","","","","","","","","","","","G","","",""
"2","2.1","2.1.1","SN_ITK_DEFC","Prevalence of undernourishment (%)","620","Portugal","2016","<2.5","2015-2017","FAO, Statistics Division","Estimates are based on projected values","E","PERCENT","","","","","","","","","","","","G","","",""
"2","2.1","2.1.1","SN_ITK_DEFC","Prevalence of undernourishment (%)","624","Guinea-Bissau","2016","26","2015-2017","FAO, Statistics Division","Estimates are based on projected values","E","PERCENT","","","","","","","","","","","","G","","",""
"2","2.1","2.1.1","SN_ITK_DEFC","Prevalence of undernourishment (%)","710","South Africa","2016","6.1","2015-2017","FAO, Statistics Division","Estimates are based on projected values","E","PERCENT","","","","","","","","","","","","G","","",""
"2","2.1","2.1.1","SN_ITK_DEFC","Prevalence of undernourishment (%)","716","Zimbabwe","2016","46.6","2015-2017","FAO, Statistics Division","Estimates are based on projected values","E","PERCENT","","","","","","","","","","","","G","","",""
"2","2.1","2.1.1","SN_ITK_DEFC","Prevalence of undernourishment (%)","722","Small island developing States (SIDS)","2016","17.1","2016","FAO, Statistics Division","","E","PERCENT","","","","","","","","","","","","G","","",""
"2","2.1","2.1.1","SN_ITK_DEFC","Prevalence of undernourishment (%)","722","Small island developing States (SIDS)","2017","16.8","2017","FAO, Statistics Division","Estimates are based on projected values","E","PERCENT","","","","","","","","","","","","G","","",""
"2","2.1","2.1.1","SN_ITK_DEFC","Prevalence of undernourishment (%)","724","Spain","2016","<2.5","2015-2017","FAO, Statistics Division","Estimates are based on projected values","E","PERCENT","","","","","","","","","","","","G","","",""
"2","2.1","2.1.1","SN_ITK_DEFC","Prevalence of undernourishment (%)","728","South Sudan","2016","NA","2015-2017","FAO, Statistics Division","Estimates are based on projected values","E","PERCENT","","","","","","","","","","","","G","","",""
"2","2.1","2.1.1","SN_ITK_DEFC","Prevalence of undernourishment (%)","729","Sudan","2016","25.2","2015-2017","FAO, Statistics Division","Estimates are based on projected values","E","PERCENT","","","","","","","","","","","","G","","",""
"2","2.1","2.1.1","SN_ITK_DEFC","Prevalence of undernourishment (%)","760","Syrian Arab Republic","2016","NA","2015-2017","FAO, Statistics Division","Estimates are based on projected values","E","PERCENT","","","","","","","","","","","","G","","",""
"2","2.1","2.1.1","SN_ITK_DEFC","Prevalence of undernourishment (%)","762","Tajikistan","2016","NA","2015-2017","FAO, Statistics Division","Estimates are based on projected values","E","PERCENT","","","","","","","","","","","","G","","",""
"2","2.1","2.1.1","SN_ITK_DEFC","Prevalence of undernourishment (%)","764","Thailand","2016","9","2015-2017","FAO, Statistics Division","Estimates are based on projected values","E","PERCENT","","","","","","","","","","","","G","","",""
"2","2.1","2.1.1","SN_ITK_DEFC","Prevalence of undernourishment (%)","768","Togo","2016","16.2","2015-2017","FAO, Statistics Division","Estimates are based on projected values","E","PERCENT","","","","","","","","","","","","G","","",""
"2","2.1","2.1.1","SN_ITK_DEFC","Prevalence of undernourishment (%)","772","Tokelau","2016","NA","2015-2017","FAO, Statistics Division","Estimates are based on projected values","E","PERCENT","","","","","","","","","","","","G","","",""
"2","2.1","2.1.1","SN_ITK_DEFC","Prevalence of undernourishment (%)","776","Tonga","2016","NA","2015-2017","FAO, Statistics Division","Estimates are based on projected values","E","PERCENT","","","","","","","","","","","","G","","",""
"2","2.1","2.1.1","SN_ITK_DEFC","Prevalence of undernourishment (%)","800","Uganda","2016","41.4","2015-2017","FAO, Statistics Division","Estimates are based on projected values","E","PERCENT","","","","","","","","","","","","G","","",""
"2","2.1","2.1.1","SN_ITK_DEFC","Prevalence of undernourishment (%)","834","United Republic of Tanzania","2016","32","2015-2017","FAO, Statistics Division","Estimates are based on projected values","E","PERCENT","","","","","","","","","","","","G","","",""
"2","2.1","2.1.1","SN_ITK_DEFC","Prevalence of undernourishment (%)","876","Wallis and Futuna Islands","2016","NA","2015-2017","FAO, Statistics Division","Estimates are based on projected values","E","PERCENT","","","","","","","","","","","","G","","",""
"2","2.1","2.1.1","SN_ITK_DEFC","Prevalence of undernourishment (%)","894","Zambia","2016","44.5","2015-2017","FAO, Statistics Division","Estimates are based on projected values","E","PERCENT","","","","","","","","","","","","G","","",""
"2","2.1","2.1.1","SN_ITK_DEFCN","Number of undernourish people (millions)","20","Andorra","2016","NA","2015-2017","FAO, Statistics Division","Estimates are based on projected values","E","NUM_M","","","","","","","","","","","","G","","",""
"2","2.1","2.1.1","SN_ITK_DEFCN","Number of undernourish people (millions)","72","Botswana","2016","0.6","2015-2017","FAO, Statistics Division","Estimates are based on projected values","E","NUM_M","","","","","","","","","","","","G","","",""
"2","2.1","2.1.1","SN_ITK_DEFCN","Number of undernourish people (millions)","76","Brazil","2016","<5.2","2015-2017","FAO, Statistics Division","Estimates are based on projected values","E","NUM_M","","","","","","","","","","","","G","","",""
"2","2.1","2.1.1","SN_ITK_DEFCN","Number of undernourish people (millions)","104","Myanmar","2016","5.6","2015-2017","FAO, Statistics Division","Estimates are based on projected values","E","NUM_M","","","","","","","","","","","","G","","",""
"2","2.1","2.1.1","SN_ITK_DEFCN","Number of undernourish people (millions)","120","Cameroon","2016","1.7","2015-2017","FAO, Statistics Division","Estimates are based on projected values","E","NUM_M","","","","","","","","","","","","G","","",""
"2","2.1","2.1.1","SN_ITK_DEFCN","Number of undernourish people (millions)","140","Central African Republic","2016","2.8","2015-2017","FAO, Statistics Division","Estimates are based on projected values","E","NUM_M","","","","","","","","","","","","G","","",""
"2","2.1","2.1.1","SN_ITK_DEFCN","Number of undernourish people (millions)","148","Chad","2016","5.7","2015-2017","FAO, Statistics Division","Estimates are based on projected values","E","NUM_M","","","","","","","","","","","","G","","",""
"2","2.1","2.1.1","SN_ITK_DEFCN","Number of undernourish people (millions)","156","China","2016","124.3","2015-2017","FAO, Statistics Division","Estimates are based on projected values","E","NUM_M","","","","","","","","","","","","G","","",""
"2","2.1","2.1.1","SN_ITK_DEFCN","Number of undernourish people (millions)","178","Congo","2016","1.9","2015-2017","FAO, Statistics Division","Estimates are based on projected values","E","NUM_M","","","","","","","","","","","","G","","",""
"2","2.1","2.1.1","SN_ITK_DEFCN","Number of undernourish people (millions)","180","Democratic Republic of the Congo","2016","NA","2015-2017","FAO, Statistics Division","Estimates are based on projected values","E","NUM_M","","","","","","","","","","","","G","","",""
"2","2.1","2.1.1","SN_ITK_DEFCN","Number of undernourish people (millions)","202","Sub-Saharan Africa","2016","221.9","2016","FAO, Statistics Division","","E","NUM_M","","","","","","","","","","","","G","","",""
"2","2.1","2.1.1","SN_ITK_DEFCN","Number of undernourish people (millions)","202","Sub-Saharan Africa","2017","236.5","2017","FAO, Statistics Division","Estimates are based on projected values","E","NUM_M","","","","","","","","","","","","G","","",""
"2","2.1","2.1.1","SN_ITK_DEFCN","Number of undernourish people (millions)","203","Czechia","2016","<0.3","2015-2017","FAO, Statistics Division","Estimates are based on projected values","E","NUM_M","","","","","","","","","","","","G","","",""
"2","2.1","2.1.1","SN_ITK_DEFCN","Number of undernourish people (millions)","204","Benin","2016","1.1","2015-2017","FAO, Statistics Division","Estimates are based on projected values","E","NUM_M","","","","","","","","","","","","G","","",""
"2","2.1","2.1.1","SN_ITK_DEFCN","Number of undernourish people (millions)","208","Denmark","2016","<0.1","2015-2017","FAO, Statistics Division","Estimates are based on projected values","E","NUM_M","","","","","","","","","","","","G","","",""
"2","2.1","2.1.1","SN_ITK_DEFCN","Number of undernourish people (millions)","231","Ethiopia","2016","21.9","2015-2017","FAO, Statistics Division","Estimates are based on projected values","E","NUM_M","","","","","","","","","","","","G","","",""
"2","2.1","2.1.1","SN_ITK_DEFCN","Number of undernourish people (millions)","276","Germany","2016","<2","2015-2017","FAO, Statistics Division","Estimates are based on projected values","E","NUM_M","","","","","","","","","","","","G","","",""
"2","2.1","2.1.1","SN_ITK_DEFCN","Number of undernourish people (millions)","288","Ghana","2016","1.7","2015-2017","FAO, Statistics Division","Estimates are based on projected values","E","NUM_M","","","","","","","","","","","","G","","",""
"2","2.1","2.1.1","SN_ITK_DEFCN","Number of undernourish people (millions)","320","Guatemala","2016","2.6","2015-2017","FAO, Statistics Division","Estimates are based on projected values","E","NUM_M","","","","","","","","","","","","G","","",""
"2","2.1","2.1.1","SN_ITK_DEFCN","Number of undernourish people (millions)","356","India","2016","195.9","2015-2017","FAO, Statistics Division","Estimates are based on projected values","E","NUM_M","","","","","","","","","","","","G","","",""
"2","2.1","2.1.1","SN_ITK_DEFCN","Number of undernourish people (millions)","360","Indonesia","2016","20.2","2015-2017","FAO, Statistics Division","Estimates are based on projected values","E","NUM_M","","","","","","","","","","","","G","","",""
"2","2.1","2.1.1","SN_ITK_DEFCN","Number of undernourish people (millions)","372","Ireland","2016","<0.1","2015-2017","FAO, Statistics Division","Estimates are based on projected values","E","NUM_M","","","","","","","","","","","","G","","",""
"2","2.1","2.1.1","SN_ITK_DEFCN","Number of undernourish people (millions)","376","Israel","2016","<0.2","2015-2017","FAO, Statistics Division","Estimates are based on projected values","E","NUM_M","","","","","","","","","","","","G","","",""
"2","2.1","2.1.1","SN_ITK_DEFCN","Number of undernourish people (millions)","404","Kenya","2016","11.7","2015-2017","FAO, Statistics Division","Estimates are based on projected values","E","NUM_M","","","","","","","","","","","","G","","",""
"2","2.1","2.1.1","SN_ITK_DEFCN","Number of undernourish people (millions)","426","Lesotho","2016","0.3","2015-2017","FAO, Statistics Division","Estimates are based on projected values","E","NUM_M","","","","","","","","","","","","G","","",""
"2","2.1","2.1.1","SN_ITK_DEFCN","Number of undernourish people (millions)","430","Liberia","2016","1.8","2015-2017","FAO, Statistics Division","Estimates are based on projected values","E","NUM_M","","","","","","","","","","","","G","","",""
"2","2.1","2.1.1","SN_ITK_DEFCN","Number of undernourish people (millions)","454","Malawi","2016","4.8","2015-2017","FAO, Statistics Division","Estimates are based on projected values","E","NUM_M","","","","","","","","","","","","G","","",""
"2","2.1","2.1.1","SN_ITK_DEFCN","Number of undernourish people (millions)","508","Mozambique","2016","8.8","2015-2017","FAO, Statistics Division","Estimates are based on projected values","E","NUM_M","","","","","","","","","","","","G","","",""
"2","2.1","2.1.1","SN_ITK_DEFCN","Number of undernourish people (millions)","516","Namibia","2016","0.6","2015-2017","FAO, Statistics Division","Estimates are based on projected values","E","NUM_M","","","","","","","","","","","","G","","",""
"2","2.1","2.1.1","SN_ITK_DEFCN","Number of undernourish people (millions)","520","Nauru","2016","NA","2015-2017","FAO, Statistics Division","Estimates are based on projected values","E","NUM_M","","","","","","","","","","","","G","","",""
"2","2.1","2.1.1","SN_ITK_DEFCN","Number of undernourish people (millions)","566","Nigeria","2016","21.5","2015-2017","FAO, Statistics Division","Estimates are based on projected values","E","NUM_M","","","","","","","","","","","","G","","",""
"2","2.1","2.1.1","SN_ITK_DEFCN","Number of undernourish people (millions)","598","Papua New Guinea","2016","NA","2015-2017","FAO, Statistics Division","Estimates are based on projected values","E","NUM_M","","","","","","","","","","","","G","","",""
"2","2.1","2.1.1","SN_ITK_DEFCN","Number of undernourish people (millions)","620","Portugal","2016","<0.3","2015-2017","FAO, Statistics Division","Estimates are based on projected values","E","NUM_M","","","","","","","","","","","","G","","",""
"2","2.1","2.1.1","SN_ITK_DEFCN","Number of undernourish people (millions)","624","Guinea-Bissau","2016","0.5","2015-2017","FAO, Statistics Division","Estimates are based on projected values","E","NUM_M","","","","","","","","","","","","G","","",""
"2","2.1","2.1.1","SN_ITK_DEFCN","Number of undernourish people (millions)","710","South Africa","2016","3.4","2015-2017","FAO, Statistics Division","Estimates are based on projected values","E","NUM_M","","","","","","","","","","","","G","","",""
"2","2.1","2.1.1","SN_ITK_DEFCN","Number of undernourish people (millions)","716","Zimbabwe","2016","7.5","2015-2017","FAO, Statistics Division","Estimates are based on projected values","E","NUM_M","","","","","","","","","","","","G","","",""
"2","2.1","2.1.1","SN_ITK_DEFCN","Number of undernourish people (millions)","722","Small island developing States (SIDS)","2016","11.4","2016","FAO, Statistics Division","","E","NUM_M","","","","","","","","","","","","G","","",""
"2","2.1","2.1.1","SN_ITK_DEFCN","Number of undernourish people (millions)","722","Small island developing States (SIDS)","2017","11.4","2017","FAO, Statistics Division","Estimates are based on projected values","E","NUM_M","","","","","","","","","","","","G","","",""
"2","2.1","2.1.1","SN_ITK_DEFCN","Number of undernourish people (millions)","724","Spain","2016","<1.2","2015-2017","FAO, Statistics Division","Estimates are based on projected values","E","NUM_M","","","","","","","","","","","","G","","",""
"2","2.1","2.1.1","SN_ITK_DEFCN","Number of undernourish people (millions)","728","South Sudan","2016","NA","2015-2017","FAO, Statistics Division","Estimates are based on projected values","E","NUM_M","","","","","","","","","","","","G","","",""
"2","2.1","2.1.1","SN_ITK_DEFCN","Number of undernourish people (millions)","729","Sudan","2016","10","2015-2017","FAO, Statistics Division","Estimates are based on projected values","E","NUM_M","","","","","","","","","","","","G","","",""
"2","2.1","2.1.1","SN_ITK_DEFCN","Number of undernourish people (millions)","760","Syrian Arab Republic","2016","NA","2015-2017","FAO, Statistics Division","Estimates are based on projected values","E","NUM_M","","","","","","","","","","","","G","","",""
"2","2.1","2.1.1","SN_ITK_DEFCN","Number of undernourish people (millions)","762","Tajikistan","2016","NA","2015-2017","FAO, Statistics Division","Estimates are based on projected values","E","NUM_M","","","","","","","","","","","","G","","",""
"2","2.1","2.1.1","SN_ITK_DEFCN","Number of undernourish people (millions)","764","Thailand","2016","6.2","2015-2017","FAO, Statistics Division","Estimates are based on projected values","E","NUM_M","","","","","","","","","","","","G","","",""
"2","2.1","2.1.1","SN_ITK_DEFCN","Number of undernourish people (millions)","768","Togo","2016","1.2","2015-2017","FAO, Statistics Division","Estimates are based on projected values","E","NUM_M","","","","","","","","","","","","G","","",""
"2","2.1","2.1.1","SN_ITK_DEFCN","Number of undernourish people (millions)","772","Tokelau","2016","NA","2015-2017","FAO, Statistics Division","Estimates are based on projected values","E","NUM_M","","","","","","","","","","","","G","","",""
"2","2.1","2.1.1","SN_ITK_DEFCN","Number of undernourish people (millions)","776","Tonga","2016","NA","2015-2017","FAO, Statistics Division","Estimates are based on projected values","E","NUM_M","","","","","","","","","","","","G","","",""
"2","2.1","2.1.1","SN_ITK_DEFCN","Number of undernourish people (millions)","800","Uganda","2016","17.2","2015-2017","FAO, Statistics Division","Estimates are based on projected values","E","NUM_M","","","","","","","","","","","","G","","",""
"2","2.1","2.1.1","SN_ITK_DEFCN","Number of undernourish people (millions)","834","United Republic of Tanzania","2016","17.8","2015-2017","FAO, Statistics Division","Estimates are based on projected values","E","NUM_M","","","","","","","","","","","","G","","",""
"2","2.1","2.1.1","SN_ITK_DEFCN","Number of undernourish people (millions)","876","Wallis and Futuna Islands","2016","NA","2015-2017","FAO, Statistics Division","Estimates are based on projected values","E","NUM_M","","","","","","","","","","","","G","","",""
"2","2.1","2.1.1","SN_ITK_DEFCN","Number of undernourish people (millions)","894","Zambia","2016","7.4","2015-2017","FAO, Statistics Division","Estimates are based on projected values","E","NUM_M","","","","","","","","","","","","G","","",""
"3","3.5","3.5.2","SH_ALC_CONSPT","Alcohol consumption per capita (aged 15 years and older) within a calendar year (litres of pure alcohol)","20","Andorra","2016","11.28772","","WHO Global Information System on Alcohol and Health (GISAH), 2018","","G","LTPUREAL","15+","","","","","","","","","","","G","","",""
"3","3.5","3.5.2","SH_ALC_CONSPT","Alcohol consumption per capita (aged 15 years and older) within a calendar year (litres of pure alcohol)","72","Botswana","2016","8.36178","","WHO Global Information System on Alcohol and Health (GISAH), 2018","","G","LTPUREAL","15+","","","","","","","","","","","G","","",""
"3","3.5","3.5.2","SH_ALC_CONSPT","Alcohol consumption per capita (aged 15 years and older) within a calendar year (litres of pure alcohol)","76","Brazil","2016","7.76886","","WHO Global Information System on Alcohol and Health (GISAH), 2018","","G","LTPUREAL","15+","","","","","","","","","","","G","","",""
"3","3.5","3.5.2","SH_ALC_CONSPT","Alcohol consumption per capita (aged 15 years and older) within a calendar year (litres of pure alcohol)","104","Myanmar","2016","4.7689","","WHO Global Information System on Alcohol and Health (GISAH), 2018","","G","LTPUREAL","15+","","","","","","","","","","","G","","",""
"3","3.5","3.5.2","SH_ALC_CONSPT","Alcohol consumption per capita (aged 15 years and older) within a calendar year (litres of pure alcohol)","120","Cameroon","2016","8.88983","","WHO Global Information System on Alcohol and Health (GISAH), 2018","","G","LTPUREAL","15+","","","","","","","","","","","G","","",""
"3","3.5","3.5.2","SH_ALC_CONSPT","Alcohol consumption per capita (aged 15 years and older) within a calendar year (litres of pure alcohol)","140","Central African Republic","2016","3.29424","","WHO Global Information System on Alcohol and Health (GISAH), 2018","","G","LTPUREAL","15+","","","","","","","","","","","G","","",""
"3","3.5","3.5.2","SH_ALC_CONSPT","Alcohol consumption per capita (aged 15 years and older) within a calendar year (litres of pure alcohol)","148","Chad","2016","1.54707","","WHO Global Information System on Alcohol and Health (GISAH), 2018","","G","LTPUREAL","15+","","","","","","","","","","","G","","",""
"3","3.5","3.5.2","SH_ALC_CONSPT","Alcohol consumption per capita (aged 15 years and older) within a calendar year (litres of pure alcohol)","156","China","2016","7.19702","","WHO Global Information System on Alcohol and Health (GISAH), 2018","","G","LTPUREAL","15+","","","","","","","","","","","G","","",""
"3","3.5","3.5.2","SH_ALC_CONSPT","Alcohol consumption per capita (aged 15 years and older) within a calendar year (litres of pure alcohol)","178","Congo","2016","7.81682","","WHO Global Information System on Alcohol and Health (GISAH), 2018","","G","LTPUREAL","15+","","","","","","","","","","","G","","",""
"3","3.5","3.5.2","SH_ALC_CONSPT","Alcohol consumption per capita (aged 15 years and older) within a calendar year (litres of pure alcohol)","180","Democratic Republic of the Congo","2016","2.56594","","WHO Global Information System on Alcohol and Health (GISAH), 2018","","G","LTPUREAL","15+","","","","","","","","","","","G","","",""
"3","3.5","3.5.2","SH_ALC_CONSPT","Alcohol consumption per capita (aged 15 years and older) within a calendar year (litres of pure alcohol)","202","Sub-Saharan Africa","2016","6.47852","","WHO Global Information System on Alcohol and Health (GISAH), 2018","","G","LTPUREAL","15+","","","","","","","","","","","G","","",""
"3","3.5","3.5.2","SH_ALC_CONSPT","Alcohol consumption per capita (aged 15 years and older) within a calendar year (litres of pure alcohol)","203","Czechia","2016","14.40352","","WHO Global Information System on Alcohol and Health (GISAH), 2018","","G","LTPUREAL","15+","","","","","","","","","","","G","","",""
"3","3.5","3.5.2","SH_ALC_CONSPT","Alcohol consumption per capita (aged 15 years and older) within a calendar year (litres of pure alcohol)","204","Benin","2016","3.02375","","WHO Global Information System on Alcohol and Health (GISAH), 2018","","G","LTPUREAL","15+","","","","","","","","","","","G","","",""
"3","3.5","3.5.2","SH_ALC_CONSPT","Alcohol consumption per capita (aged 15 years and older) within a calendar year (litres of pure alcohol)","208","Denmark","2016","10.37872","","WHO Global Information System on Alcohol and Health (GISAH), 2018","","G","LTPUREAL","15+","","","","","","","","","","","G","","",""
"3","3.5","3.5.2","SH_ALC_CONSPT","Alcohol consumption per capita (aged 15 years and older) within a calendar year (litres of pure alcohol)","231","Ethiopia","2016","2.84672","","WHO Global Information System on Alcohol and Health (GISAH), 2018","","G","LTPUREAL","15+","","","","","","","","","","","G","","",""
"3","3.5","3.5.2","SH_ALC_CONSPT","Alcohol consumption per capita (aged 15 years and older) within a calendar year (litres of pure alcohol)","276","Germany","2016","13.38189","","WHO Global Information System on Alcohol and Health (GISAH), 2018","","G","LTPUREAL","15+","","","","","","","","","","","G","","",""
"3","3.5","3.5.2","SH_ALC_CONSPT","Alcohol consumption per capita (aged 15 years and older) within a calendar year (litres of pure alcohol)","288","Ghana","2016","2.65284","","WHO Global Information System on Alcohol and Health (GISAH), 2018","","G","LTPUREAL","15+","","","","","","","","","","","G","","",""
"3","3.5","3.5.2","SH_ALC_CONSPT","Alcohol consumption per capita (aged 15 years and older) within a calendar year (litres of pure alcohol)","320","Guatemala","2016","2.44532","","WHO Global Information System on Alcohol and Health (GISAH), 2018","","G","LTPUREAL","15+","","","","","","","","","","","G","","",""
"3","3.5","3.5.2","SH_ALC_CONSPT","Alcohol consumption per capita (aged 15 years and older) within a calendar year (litres of pure alcohol)","356","India","2016","5.66429","","WHO Global Information System on Alcohol and Health (GISAH), 2018","","G","LTPUREAL","15+","","","","","","","","","","","G","","",""
"3","3.5","3.5.2","SH_ALC_CONSPT","Alcohol consumption per capita (aged 15 years and older) within a calendar year (litres of pure alcohol)","360","Indonesia","2016","0.77465","","WHO Global Information System on Alcohol and Health (GISAH), 2018","","G","LTPUREAL","15+","","","","","","","","","","","G","","",""
"3","3.5","3.5.2","SH_ALC_CONSPT","Alcohol consumption per capita (aged 15 years and older) within a calendar year (litres of pure alcohol)","372","Ireland","2016","12.99883","","WHO Global Information System on Alcohol and Health (GISAH), 2018","","G","LTPUREAL","15+","","","","","","","","","","","G","","",""
"3","3.5","3.5.2","SH_ALC_CONSPT","Alcohol consumption per capita (aged 15 years and older) within a calendar year (litres of pure alcohol)","376","Israel","2016","3.83833","","WHO Global Information System on Alcohol and Health (GISAH), 2018","","G","LTPUREAL","15+","","","","","","","","","","","G","","",""
"3","3.5","3.5.2","SH_ALC_CONSPT","Alcohol consumption per capita (aged 15 years and older) within a calendar year (litres of pure alcohol)","404","Kenya","2016","3.35668","","WHO Global Information System on Alcohol and Health (GISAH), 2018","","G","LTPUREAL","15+","","","","","","","","","","","G","","",""
"3","3.5","3.5.2","SH_ALC_CONSPT","Alcohol consumption per capita (aged 15 years and older) within a calendar year (litres of pure alcohol)","426","Lesotho","2016","5.03332","","WHO Global Information System on Alcohol and Health (GISAH), 2018","","G","LTPUREAL","15+","","","","","","","","","","","G","","",""
"3","3.5","3.5.2","SH_ALC_CONSPT","Alcohol consumption per capita (aged 15 years and older) within a calendar year (litres of pure alcohol)","430","Liberia","2016","5.76167","","WHO Global Information System on Alcohol and Health (GISAH), 2018","","G","LTPUREAL","15+","","","","","","","","","","","G","","",""
"3","3.5","3.5.2","SH_ALC_CONSPT","Alcohol consumption per capita (aged 15 years and older) within a calendar year (litres of pure alcohol)","454","Malawi","2016","3.65728","","WHO Global Information System on Alcohol and Health (GISAH), 2018","","G","LTPUREAL","15+","","","","","","","","","","","G","","",""
"3","3.5","3.5.2","SH_ALC_CONSPT","Alcohol consumption per capita (aged 15 years and older) within a calendar year (litres of pure alcohol)","508","Mozambique","2016","2.39306","","WHO Global Information System on Alcohol and Health (GISAH), 2018","","G","LTPUREAL","15+","","","","","","","","","","","G","","",""
"3","3.5","3.5.2","SH_ALC_CONSPT","Alcohol consumption per capita (aged 15 years and older) within a calendar year (litres of pure alcohol)","516","Namibia","2016","9.80735","","WHO Global Information System on Alcohol and Health (GISAH), 2018","","G","LTPUREAL","15+","","","","","","","","","","","G","","",""
"3","3.5","3.5.2","SH_ALC_CONSPT","Alcohol consumption per capita (aged 15 years and older) within a calendar year (litres of pure alcohol)","520","Nauru","2016","6.01076","","WHO Global Information System on Alcohol and Health (GISAH), 2018","","G","LTPUREAL","15+","","","","","","","","","","","G","","",""
"3","3.5","3.5.2","SH_ALC_CONSPT","Alcohol consumption per capita (aged 15 years and older) within a calendar year (litres of pure alcohol)","566","Nigeria","2016","13.38404","","WHO Global Information System on Alcohol and Health (GISAH), 2018","","G","LTPUREAL","15+","","","","","","","","","","","G","","",""
"3","3.5","3.5.2","SH_ALC_CONSPT","Alcohol consumption per capita (aged 15 years and older) within a calendar year (litres of pure alcohol)","598","Papua New Guinea","2016","1.17003","","WHO Global Information System on Alcohol and Health (GISAH), 2018","","G","LTPUREAL","15+","","","","","","","","","","","G","","",""
"3","3.5","3.5.2","SH_ALC_CONSPT","Alcohol consumption per capita (aged 15 years and older) within a calendar year (litres of pure alcohol)","620","Portugal","2016","12.28271","","WHO Global Information System on Alcohol and Health (GISAH), 2018","","G","LTPUREAL","15+","","","","","","","","","","","G","","",""
"3","3.5","3.5.2","SH_ALC_CONSPT","Alcohol consumption per capita (aged 15 years and older) within a calendar year (litres of pure alcohol)","624","Guinea-Bissau","2016","4.75149","","WHO Global Information System on Alcohol and Health (GISAH), 2018","","G","LTPUREAL","15+","","","","","","","","","","","G","","",""
"3","3.5","3.5.2","SH_ALC_CONSPT","Alcohol consumption per capita (aged 15 years and older) within a calendar year (litres of pure alcohol)","710","South Africa","2016","9.25975","","WHO Global Information System on Alcohol and Health (GISAH), 2018","","G","LTPUREAL","15+","","","","","","","","","","","G","","",""
"3","3.5","3.5.2","SH_ALC_CONSPT","Alcohol consumption per capita (aged 15 years and older) within a calendar year (litres of pure alcohol)","716","Zimbabwe","2016","4.79448","","WHO Global Information System on Alcohol and Health (GISAH), 2018","","G","LTPUREAL","15+","","","","","","","","","","","G","","",""
"3","3.5","3.5.2","SH_ALC_CONSPT","Alcohol consumption per capita (aged 15 years and older) within a calendar year (litres of pure alcohol)","722","Small island developing States (SIDS)","2016","4.84174","","WHO Global Information System on Alcohol and Health (GISAH), 2018","","G","LTPUREAL","15+","","","","","","","","","","","G","","",""
"3","3.5","3.5.2","SH_ALC_CONSPT","Alcohol consumption per capita (aged 15 years and older) within a calendar year (litres of pure alcohol)","724","Spain","2016","9.99657","","WHO Global Information System on Alcohol and Health (GISAH), 2018","","G","LTPUREAL","15+","","","","","","","","","","","G","","",""
"3","3.5","3.5.2","SH_ALC_CONSPT","Alcohol consumption per capita (aged 15 years and older) within a calendar year (litres of pure alcohol)","729","Sudan","2016","0.5","","WHO Global Information System on Alcohol and Health (GISAH), 2018","","G","LTPUREAL","15+","","","","","","","","","","","G","","",""
"3","3.5","3.5.2","SH_ALC_CONSPT","Alcohol consumption per capita (aged 15 years and older) within a calendar year (litres of pure alcohol)","760","Syrian Arab Republic","2016","0.31535","","WHO Global Information System on Alcohol and Health (GISAH), 2018","","G","LTPUREAL","15+","","","","","","","","","","","G","","",""
"3","3.5","3.5.2","SH_ALC_CONSPT","Alcohol consumption per capita (aged 15 years and older) within a calendar year (litres of pure alcohol)","762","Tajikistan","2016","3.28033","","WHO Global Information System on Alcohol and Health (GISAH), 2018","","G","LTPUREAL","15+","","","","","","","","","","","G","","",""
"3","3.5","3.5.2","SH_ALC_CONSPT","Alcohol consumption per capita (aged 15 years and older) within a calendar year (litres of pure alcohol)","764","Thailand","2016","8.29748","","WHO Global Information System on Alcohol and Health (GISAH), 2018","","G","LTPUREAL","15+","","","","","","","","","","","G","","",""
"3","3.5","3.5.2","SH_ALC_CONSPT","Alcohol consumption per capita (aged 15 years and older) within a calendar year (litres of pure alcohol)","768","Togo","2016","3.0818","","WHO Global Information System on Alcohol and Health (GISAH), 2018","","G","LTPUREAL","15+","","","","","","","","","","","G","","",""
"3","3.5","3.5.2","SH_ALC_CONSPT","Alcohol consumption per capita (aged 15 years and older) within a calendar year (litres of pure alcohol)","776","Tonga","2016","1.52203","","WHO Global Information System on Alcohol and Health (GISAH), 2018","","G","LTPUREAL","15+","","","","","","","","","","","G","","",""
"3","3.5","3.5.2","SH_ALC_CONSPT","Alcohol consumption per capita (aged 15 years and older) within a calendar year (litres of pure alcohol)","800","Uganda","2016","9.46322","","WHO Global Information System on Alcohol and Health (GISAH), 2018","","G","LTPUREAL","15+","","","","","","","","","","","G","","",""
"3","3.5","3.5.2","SH_ALC_CONSPT","Alcohol consumption per capita (aged 15 years and older) within a calendar year (litres of pure alcohol)","834","United Republic of Tanzania","2016","9.38454","","WHO Global Information System on Alcohol and Health (GISAH), 2018","","G","LTPUREAL","15+","","","","","","","","","","","G","","",""
"3","3.5","3.5.2","SH_ALC_CONSPT","Alcohol consumption per capita (aged 15 years and older) within a calendar year (litres of pure alcohol)","894","Zambia","2016","4.84252","","WHO Global Information System on Alcohol and Health (GISAH), 2018","","G","LTPUREAL","15+","","","","","","","","","","","G","","",""
"7","7.1","7.1.2","EG_EGY_CLEAN","Proportion of population with primary reliance on clean fuels and technology (%)","20","Andorra","2016",">95","2016","Global Health Observatory (GHO), World Health Organisation (WHO).","","E","PERCENT","","","","","","","","","","","","G","","",""
"7","7.1","7.1.2","EG_EGY_CLEAN","Proportion of population with primary reliance on clean fuels and technology (%)","20","Andorra","2017",">95","2017","Global Health Observatory (GHO), World Health Organisation (WHO).","","E","PERCENT","","","","","","","","","","","","G","","",""
"7","7.1","7.1.2","EG_EGY_CLEAN","Proportion of population with primary reliance on clean fuels and technology (%)","72","Botswana","2016","58","2016","Global Health Observatory (GHO), World Health Organisation (WHO).","","E","PERCENT","","","","","","","","","","","","G","","",""
"7","7.1","7.1.2","EG_EGY_CLEAN","Proportion of population with primary reliance on clean fuels and technology (%)","72","Botswana","2017","59","2017","Global Health Observatory (GHO), World Health Organisation (WHO).","","E","PERCENT","","","","","","","","","","","","G","","",""
"7","7.1","7.1.2","EG_EGY_CLEAN","Proportion of population with primary reliance on clean fuels and technology (%)","76","Brazil","2016",">95","2016","Global Health Observatory (GHO), World Health Organisation (WHO).","","E","PERCENT","","","","","","","","","","","","G","","",""
"7","7.1","7.1.2","EG_EGY_CLEAN","Proportion of population with primary reliance on clean fuels and technology (%)","76","Brazil","2017",">95","2017","Global Health Observatory (GHO), World Health Organisation (WHO).","","E","PERCENT","","","","","","","","","","","","G","","",""
"7","7.1","7.1.2","EG_EGY_CLEAN","Proportion of population with primary reliance on clean fuels and technology (%)","104","Myanmar","2016","19","2016","Global Health Observatory (GHO), World Health Organisation (WHO).","","E","PERCENT","","","","","","","","","","","","G","","",""
"7","7.1","7.1.2","EG_EGY_CLEAN","Proportion of population with primary reliance on clean fuels and technology (%)","104","Myanmar","2017","20","2017","Global Health Observatory (GHO), World Health Organisation (WHO).","","E","PERCENT","","","","","","","","","","","","G","","",""
"7","7.1","7.1.2","EG_EGY_CLEAN","Proportion of population with primary reliance on clean fuels and technology (%)","120","Cameroon","2016","24","2016","Global Health Observatory (GHO), World Health Organisation (WHO).","","E","PERCENT","","","","","","","","","","","","G","","",""
"7","7.1","7.1.2","EG_EGY_CLEAN","Proportion of population with primary reliance on clean fuels and technology (%)","120","Cameroon","2017","25","2017","Global Health Observatory (GHO), World Health Organisation (WHO).","","E","PERCENT","","","","","","","","","","","","G","","",""
"7","7.1","7.1.2","EG_EGY_CLEAN","Proportion of population with primary reliance on clean fuels and technology (%)","140","Central African Republic","2016","<5","2016","Global Health Observatory (GHO), World Health Organisation (WHO).","","E","PERCENT","","","","","","","","","","","","G","","",""
"7","7.1","7.1.2","EG_EGY_CLEAN","Proportion of population with primary reliance on clean fuels and technology (%)","140","Central African Republic","2017","<5","2017","Global Health Observatory (GHO), World Health Organisation (WHO).","","E","PERCENT","","","","","","","","","","","","G","","",""
"7","7.1","7.1.2","EG_EGY_CLEAN","Proportion of population with primary reliance on clean fuels and technology (%)","148","Chad","2016","<5","2016","Global Health Observatory (GHO), World Health Organisation (WHO).","","E","PERCENT","","","","","","","","","","","","G","","",""
"7","7.1","7.1.2","EG_EGY_CLEAN","Proportion of population with primary reliance on clean fuels and technology (%)","148","Chad","2017","<5","2017","Global Health Observatory (GHO), World Health Organisation (WHO).","","E","PERCENT","","","","","","","","","","","","G","","",""
"7","7.1","7.1.2","EG_EGY_CLEAN","Proportion of population with primary reliance on clean fuels and technology (%)","156","China","2016","58","2016","Global Health Observatory (GHO), World Health Organisation (WHO).","","E","PERCENT","","","","","","","","","","","","G","","",""
"7","7.1","7.1.2","EG_EGY_CLEAN","Proportion of population with primary reliance on clean fuels and technology (%)","156","China","2017","58","2017","Global Health Observatory (GHO), World Health Organisation (WHO).","","E","PERCENT","","","","","","","","","","","","G","","",""
"7","7.1","7.1.2","EG_EGY_CLEAN","Proportion of population with primary reliance on clean fuels and technology (%)","178","Congo","2016","24","2016","Global Health Observatory (GHO), World Health Organisation (WHO).","","E","PERCENT","","","","","","","","","","","","G","","",""
"7","7.1","7.1.2","EG_EGY_CLEAN","Proportion of population with primary reliance on clean fuels and technology (%)","178","Congo","2017","25","2017","Global Health Observatory (GHO), World Health Organisation (WHO).","","E","PERCENT","","","","","","","","","","","","G","","",""
"7","7.1","7.1.2","EG_EGY_CLEAN","Proportion of population with primary reliance on clean fuels and technology (%)","180","Democratic Republic of the Congo","2016","<5","2016","Global Health Observatory (GHO), World Health Organisation (WHO).","","E","PERCENT","","","","","","","","","","","","G","","",""
"7","7.1","7.1.2","EG_EGY_CLEAN","Proportion of population with primary reliance on clean fuels and technology (%)","180","Democratic Republic of the Congo","2017","<5","2017","Global Health Observatory (GHO), World Health Organisation (WHO).","","E","PERCENT","","","","","","","","","","","","G","","",""
"7","7.1","7.1.2","EG_EGY_CLEAN","Proportion of population with primary reliance on clean fuels and technology (%)","202","Sub-Saharan Africa","2016","13","2016","Global Health Observatory (GHO), World Health Organisation (WHO).","","E","PERCENT","","","","","","","","","","","","G","","",""
"7","7.1","7.1.2","EG_EGY_CLEAN","Proportion of population with primary reliance on clean fuels and technology (%)","202","Sub-Saharan Africa","2017","14","2017","Global Health Observatory (GHO), World Health Organisation (WHO).","","E","PERCENT","","","","","","","","","","","","G","","",""
"7","7.1","7.1.2","EG_EGY_CLEAN","Proportion of population with primary reliance on clean fuels and technology (%)","203","Czechia","2016",">95","2016","Global Health Observatory (GHO), World Health Organisation (WHO).","","E","PERCENT","","","","","","","","","","","","G","","",""
"7","7.1","7.1.2","EG_EGY_CLEAN","Proportion of population with primary reliance on clean fuels and technology (%)","203","Czechia","2017",">95","2017","Global Health Observatory (GHO), World Health Organisation (WHO).","","E","PERCENT","","","","","","","","","","","","G","","",""
"7","7.1","7.1.2","EG_EGY_CLEAN","Proportion of population with primary reliance on clean fuels and technology (%)","204","Benin","2016","6","2016","Global Health Observatory (GHO), World Health Organisation (WHO).","","E","PERCENT","","","","","","","","","","","","G","","",""
"7","7.1","7.1.2","EG_EGY_CLEAN","Proportion of population with primary reliance on clean fuels and technology (%)","204","Benin","2017","6","2017","Global Health Observatory (GHO), World Health Organisation (WHO).","","E","PERCENT","","","","","","","","","","","","G","","",""
"7","7.1","7.1.2","EG_EGY_CLEAN","Proportion of population with primary reliance on clean fuels and technology (%)","208","Denmark","2016",">95","2016","Global Health Observatory (GHO), World Health Organisation (WHO).","","E","PERCENT","","","","","","","","","","","","G","","",""
"7","7.1","7.1.2","EG_EGY_CLEAN","Proportion of population with primary reliance on clean fuels and technology (%)","208","Denmark","2017",">95","2017","Global Health Observatory (GHO), World Health Organisation (WHO).","","E","PERCENT","","","","","","","","","","","","G","","",""
"7","7.1","7.1.2","EG_EGY_CLEAN","Proportion of population with primary reliance on clean fuels and technology (%)","231","Ethiopia","2016","<5","2016","Global Health Observatory (GHO), World Health Organisation (WHO).","","E","PERCENT","","","","","","","","","","","","G","","",""
"7","7.1","7.1.2","EG_EGY_CLEAN","Proportion of population with primary reliance on clean fuels and technology (%)","231","Ethiopia","2017","<5","2017","Global Health Observatory (GHO), World Health Organisation (WHO).","","E","PERCENT","","","","","","","","","","","","G","","",""
"7","7.1","7.1.2","EG_EGY_CLEAN","Proportion of population with primary reliance on clean fuels and technology (%)","276","Germany","2016",">95","2016","Global Health Observatory (GHO), World Health Organisation (WHO).","","E","PERCENT","","","","","","","","","","","","G","","",""
"7","7.1","7.1.2","EG_EGY_CLEAN","Proportion of population with primary reliance on clean fuels and technology (%)","276","Germany","2017",">95","2017","Global Health Observatory (GHO), World Health Organisation (WHO).","","E","PERCENT","","","","","","","","","","","","G","","",""
"7","7.1","7.1.2","EG_EGY_CLEAN","Proportion of population with primary reliance on clean fuels and technology (%)","288","Ghana","2016","23","2016","Global Health Observatory (GHO), World Health Organisation (WHO).","","E","PERCENT","","","","","","","","","","","","G","","",""
"7","7.1","7.1.2","EG_EGY_CLEAN","Proportion of population with primary reliance on clean fuels and technology (%)","288","Ghana","2017","25","2017","Global Health Observatory (GHO), World Health Organisation (WHO).","","E","PERCENT","","","","","","","","","","","","G","","",""
"7","7.1","7.1.2","EG_EGY_CLEAN","Proportion of population with primary reliance on clean fuels and technology (%)","320","Guatemala","2016","43","2016","Global Health Observatory (GHO), World Health Organisation (WHO).","","E","PERCENT","","","","","","","","","","","","G","","",""
"7","7.1","7.1.2","EG_EGY_CLEAN","Proportion of population with primary reliance on clean fuels and technology (%)","320","Guatemala","2017","43","2017","Global Health Observatory (GHO), World Health Organisation (WHO).","","E","PERCENT","","","","","","","","","","","","G","","",""
"7","7.1","7.1.2","EG_EGY_CLEAN","Proportion of population with primary reliance on clean fuels and technology (%)","356","India","2016","44","2016","Global Health Observatory (GHO), World Health Organisation (WHO).","","E","PERCENT","","","","","","","","","","","","G","","",""
"7","7.1","7.1.2","EG_EGY_CLEAN","Proportion of population with primary reliance on clean fuels and technology (%)","356","India","2017","45","2017","Global Health Observatory (GHO), World Health Organisation (WHO).","","E","PERCENT","","","","","","","","","","","","G","","",""
"7","7.1","7.1.2","EG_EGY_CLEAN","Proportion of population with primary reliance on clean fuels and technology (%)","360","Indonesia","2016","63","2016","Global Health Observatory (GHO), World Health Organisation (WHO).","","E","PERCENT","","","","","","","","","","","","G","","",""
"7","7.1","7.1.2","EG_EGY_CLEAN","Proportion of population with primary reliance on clean fuels and technology (%)","360","Indonesia","2017","65","2017","Global Health Observatory (GHO), World Health Organisation (WHO).","","E","PERCENT","","","","","","","","","","","","G","","",""
"7","7.1","7.1.2","EG_EGY_CLEAN","Proportion of population with primary reliance on clean fuels and technology (%)","372","Ireland","2016",">95","2016","Global Health Observatory (GHO), World Health Organisation (WHO).","","E","PERCENT","","","","","","","","","","","","G","","",""
"7","7.1","7.1.2","EG_EGY_CLEAN","Proportion of population with primary reliance on clean fuels and technology (%)","372","Ireland","2017",">95","2017","Global Health Observatory (GHO), World Health Organisation (WHO).","","E","PERCENT","","","","","","","","","","","","G","","",""
"7","7.1","7.1.2","EG_EGY_CLEAN","Proportion of population with primary reliance on clean fuels and technology (%)","376","Israel","2016",">95","2016","Global Health Observatory (GHO), World Health Organisation (WHO).","","E","PERCENT","","","","","","","","","","","","G","","",""
"7","7.1","7.1.2","EG_EGY_CLEAN","Proportion of population with primary reliance on clean fuels and technology (%)","376","Israel","2017",">95","2017","Global Health Observatory (GHO), World Health Organisation (WHO).","","E","PERCENT","","","","","","","","","","","","G","","",""
"7","7.1","7.1.2","EG_EGY_CLEAN","Proportion of population with primary reliance on clean fuels and technology (%)","404","Kenya","2016","13","2016","Global Health Observatory (GHO), World Health Organisation (WHO).","","E","PERCENT","","","","","","","","","","","","G","","",""
"7","7.1","7.1.2","EG_EGY_CLEAN","Proportion of population with primary reliance on clean fuels and technology (%)","404","Kenya","2017","14","2017","Global Health Observatory (GHO), World Health Organisation (WHO).","","E","PERCENT","","","","","","","","","","","","G","","",""
"7","7.1","7.1.2","EG_EGY_CLEAN","Proportion of population with primary reliance on clean fuels and technology (%)","426","Lesotho","2016","32","2016","Global Health Observatory (GHO), World Health Organisation (WHO).","","E","PERCENT","","","","","","","","","","","","G","","",""
"7","7.1","7.1.2","EG_EGY_CLEAN","Proportion of population with primary reliance on clean fuels and technology (%)","426","Lesotho","2017","33","2017","Global Health Observatory (GHO), World Health Organisation (WHO).","","E","PERCENT","","","","","","","","","","","","G","","",""
"7","7.1","7.1.2","EG_EGY_CLEAN","Proportion of population with primary reliance on clean fuels and technology (%)","430","Liberia","2016","<5","2016","Global Health Observatory (GHO), World Health Organisation (WHO).","","E","PERCENT","","","","","","","","","","","","G","","",""
"7","7.1","7.1.2","EG_EGY_CLEAN","Proportion of population with primary reliance on clean fuels and technology (%)","430","Liberia","2017","<5","2017","Global Health Observatory (GHO), World Health Organisation (WHO).","","E","PERCENT","","","","","","","","","","","","G","","",""
"7","7.1","7.1.2","EG_EGY_CLEAN","Proportion of population with primary reliance on clean fuels and technology (%)","454","Malawi","2016","<5","2016","Global Health Observatory (GHO), World Health Organisation (WHO).","","E","PERCENT","","","","","","","","","","","","G","","",""
"7","7.1","7.1.2","EG_EGY_CLEAN","Proportion of population with primary reliance on clean fuels and technology (%)","454","Malawi","2017","<5","2017","Global Health Observatory (GHO), World Health Organisation (WHO).","","E","PERCENT","","","","","","","","","","","","G","","",""
"7","7.1","7.1.2","EG_EGY_CLEAN","Proportion of population with primary reliance on clean fuels and technology (%)","508","Mozambique","2016","<5","2016","Global Health Observatory (GHO), World Health Organisation (WHO).","","E","PERCENT","","","","","","","","","","","","G","","",""
"7","7.1","7.1.2","EG_EGY_CLEAN","Proportion of population with primary reliance on clean fuels and technology (%)","508","Mozambique","2017","<5","2017","Global Health Observatory (GHO), World Health Organisation (WHO).","","E","PERCENT","","","","","","","","","","","","G","","",""
"7","7.1","7.1.2","EG_EGY_CLEAN","Proportion of population with primary reliance on clean fuels and technology (%)","516","Namibia","2016","44","2016","Global Health Observatory (GHO), World Health Organisation (WHO).","","E","PERCENT","","","","","","","","","","","","G","","",""
"7","7.1","7.1.2","EG_EGY_CLEAN","Proportion of population with primary reliance on clean fuels and technology (%)","516","Namibia","2017","44","2017","Global Health Observatory (GHO), World Health Organisation (WHO).","","E","PERCENT","","","","","","","","","","","","G","","",""
"7","7.1","7.1.2","EG_EGY_CLEAN","Proportion of population with primary reliance on clean fuels and technology (%)","520","Nauru","2016","92","2016","Global Health Observatory (GHO), World Health Organisation (WHO).","","E","PERCENT","","","","","","","","","","","","G","","",""
"7","7.1","7.1.2","EG_EGY_CLEAN","Proportion of population with primary reliance on clean fuels and technology (%)","520","Nauru","2017","92","2017","Global Health Observatory (GHO), World Health Organisation (WHO).","","E","PERCENT","","","","","","","","","","","","G","","",""
"7","7.1","7.1.2","EG_EGY_CLEAN","Proportion of population with primary reliance on clean fuels and technology (%)","566","Nigeria","2016","6","2016","Global Health Observatory (GHO), World Health Organisation (WHO).","","E","PERCENT","","","","","","","","","","","","G","","",""
"7","7.1","7.1.2","EG_EGY_CLEAN","Proportion of population with primary reliance on clean fuels and technology (%)","566","Nigeria","2017","7","2017","Global Health Observatory (GHO), World Health Organisation (WHO).","","E","PERCENT","","","","","","","","","","","","G","","",""
"7","7.1","7.1.2","EG_EGY_CLEAN","Proportion of population with primary reliance on clean fuels and technology (%)","598","Papua New Guinea","2016","11","2016","Global Health Observatory (GHO), World Health Organisation (WHO).","","E","PERCENT","","","","","","","","","","","","G","","",""
"7","7.1","7.1.2","EG_EGY_CLEAN","Proportion of population with primary reliance on clean fuels and technology (%)","598","Papua New Guinea","2017","12","2017","Global Health Observatory (GHO), World Health Organisation (WHO).","","E","PERCENT","","","","","","","","","","","","G","","",""
"7","7.1","7.1.2","EG_EGY_CLEAN","Proportion of population with primary reliance on clean fuels and technology (%)","620","Portugal","2016",">95","2016","Global Health Observatory (GHO), World Health Organisation (WHO).","","E","PERCENT","","","","","","","","","","","","G","","",""
"7","7.1","7.1.2","EG_EGY_CLEAN","Proportion of population with primary reliance on clean fuels and technology (%)","620","Portugal","2017",">95","2017","Global Health Observatory (GHO), World Health Organisation (WHO).","","E","PERCENT","","","","","","","","","","","","G","","",""
"7","7.1","7.1.2","EG_EGY_CLEAN","Proportion of population with primary reliance on clean fuels and technology (%)","624","Guinea-Bissau","2016","<5","2016","Global Health Observatory (GHO), World Health Organisation (WHO).","","E","PERCENT","","","","","","","","","","","","G","","",""
"7","7.1","7.1.2","EG_EGY_CLEAN","Proportion of population with primary reliance on clean fuels and technology (%)","624","Guinea-Bissau","2017","<5","2017","Global Health Observatory (GHO), World Health Organisation (WHO).","","E","PERCENT","","","","","","","","","","","","G","","",""
"7","7.1","7.1.2","EG_EGY_CLEAN","Proportion of population with primary reliance on clean fuels and technology (%)","710","South Africa","2016","84","2016","Global Health Observatory (GHO), World Health Organisation (WHO).","","E","PERCENT","","","","","","","","","","","","G","","",""
"7","7.1","7.1.2","EG_EGY_CLEAN","Proportion of population with primary reliance on clean fuels and technology (%)","710","South Africa","2017","86","2017","Global Health Observatory (GHO), World Health Organisation (WHO).","","E","PERCENT","","","","","","","","","","","","G","","",""
"7","7.1","7.1.2","EG_EGY_CLEAN","Proportion of population with primary reliance on clean fuels and technology (%)","716","Zimbabwe","2016","29","2016","Global Health Observatory (GHO), World Health Organisation (WHO).","","E","PERCENT","","","","","","","","","","","","G","","",""
"7","7.1","7.1.2","EG_EGY_CLEAN","Proportion of population with primary reliance on clean fuels and technology (%)","716","Zimbabwe","2017","29","2017","Global Health Observatory (GHO), World Health Organisation (WHO).","","E","PERCENT","","","","","","","","","","","","G","","",""
"7","7.1","7.1.2","EG_EGY_CLEAN","Proportion of population with primary reliance on clean fuels and technology (%)","722","Small island developing States (SIDS)","2016","56","2016","Global Health Observatory (GHO), World Health Organisation (WHO).","","E","PERCENT","","","","","","","","","","","","G","","",""
"7","7.1","7.1.2","EG_EGY_CLEAN","Proportion of population with primary reliance on clean fuels and technology (%)","722","Small island developing States (SIDS)","2017","57","2017","Global Health Observatory (GHO), World Health Organisation (WHO).","","E","PERCENT","","","","","","","","","","","","G","","",""
"7","7.1","7.1.2","EG_EGY_CLEAN","Proportion of population with primary reliance on clean fuels and technology (%)","724","Spain","2016",">95","2016","Global Health Observatory (GHO), World Health Organisation (WHO).","","E","PERCENT","","","","","","","","","","","","G","","",""
"7","7.1","7.1.2","EG_EGY_CLEAN","Proportion of population with primary reliance on clean fuels and technology (%)","724","Spain","2017",">95","2017","Global Health Observatory (GHO), World Health Organisation (WHO).","","E","PERCENT","","","","","","","","","","","","G","","",""
"7","7.1","7.1.2","EG_EGY_CLEAN","Proportion of population with primary reliance on clean fuels and technology (%)","728","South Sudan","2016","<5","2016","Global Health Observatory (GHO), World Health Organisation (WHO).","","E","PERCENT","","","","","","","","","","","","G","","",""
"7","7.1","7.1.2","EG_EGY_CLEAN","Proportion of population with primary reliance on clean fuels and technology (%)","728","South Sudan","2017","<5","2017","Global Health Observatory (GHO), World Health Organisation (WHO).","","E","PERCENT","","","","","","","","","","","","G","","",""
"7","7.1","7.1.2","EG_EGY_CLEAN","Proportion of population with primary reliance on clean fuels and technology (%)","729","Sudan","2016","41","2016","Global Health Observatory (GHO), World Health Organisation (WHO).","","E","PERCENT","","","","","","","","","","","","G","","",""
"7","7.1","7.1.2","EG_EGY_CLEAN","Proportion of population with primary reliance on clean fuels and technology (%)","729","Sudan","2017","44","2017","Global Health Observatory (GHO), World Health Organisation (WHO).","","E","PERCENT","","","","","","","","","","","","G","","",""
"7","7.1","7.1.2","EG_EGY_CLEAN","Proportion of population with primary reliance on clean fuels and technology (%)","760","Syrian Arab Republic","2016",">95","2016","Global Health Observatory (GHO), World Health Organisation (WHO).","","E","PERCENT","","","","","","","","","","","","G","","",""
"7","7.1","7.1.2","EG_EGY_CLEAN","Proportion of population with primary reliance on clean fuels and technology (%)","760","Syrian Arab Republic","2017",">95","2017","Global Health Observatory (GHO), World Health Organisation (WHO).","","E","PERCENT","","","","","","","","","","","","G","","",""
"7","7.1","7.1.2","EG_EGY_CLEAN","Proportion of population with primary reliance on clean fuels and technology (%)","762","Tajikistan","2016","81","2016","Global Health Observatory (GHO), World Health Organisation (WHO).","","E","PERCENT","","","","","","","","","","","","G","","",""
"7","7.1","7.1.2","EG_EGY_CLEAN","Proportion of population with primary reliance on clean fuels and technology (%)","762","Tajikistan","2017","83","2017","Global Health Observatory (GHO), World Health Organisation (WHO).","","E","PERCENT","","","","","","","","","","","","G","","",""
"7","7.1","7.1.2","EG_EGY_CLEAN","Proportion of population with primary reliance on clean fuels and technology (%)","764","Thailand","2016","78","2016","Global Health Observatory (GHO), World Health Organisation (WHO).","","E","PERCENT","","","","","","","","","","","","G","","",""
"7","7.1","7.1.2","EG_EGY_CLEAN","Proportion of population with primary reliance on clean fuels and technology (%)","764","Thailand","2017","78","2017","Global Health Observatory (GHO), World Health Organisation (WHO).","","E","PERCENT","","","","","","","","","","","","G","","",""
"7","7.1","7.1.2","EG_EGY_CLEAN","Proportion of population with primary reliance on clean fuels and technology (%)","768","Togo","2016","7","2016","Global Health Observatory (GHO), World Health Organisation (WHO).","","E","PERCENT","","","","","","","","","","","","G","","",""
"7","7.1","7.1.2","EG_EGY_CLEAN","Proportion of population with primary reliance on clean fuels and technology (%)","768","Togo","2017","8","2017","Global Health Observatory (GHO), World Health Organisation (WHO).","","E","PERCENT","","","","","","","","","","","","G","","",""
"7","7.1","7.1.2","EG_EGY_CLEAN","Proportion of population with primary reliance on clean fuels and technology (%)","776","Tonga","2016","55","2016","Global Health Observatory (GHO), World Health Organisation (WHO).","","E","PERCENT","","","","","","","","","","","","G","","",""
"7","7.1","7.1.2","EG_EGY_CLEAN","Proportion of population with primary reliance on clean fuels and technology (%)","776","Tonga","2017","55","2017","Global Health Observatory (GHO), World Health Organisation (WHO).","","E","PERCENT","","","","","","","","","","","","G","","",""
"7","7.1","7.1.2","EG_EGY_CLEAN","Proportion of population with primary reliance on clean fuels and technology (%)","800","Uganda","2016","<5","2016","Global Health Observatory (GHO), World Health Organisation (WHO).","","E","PERCENT","","","","","","","","","","","","G","","",""
"7","7.1","7.1.2","EG_EGY_CLEAN","Proportion of population with primary reliance on clean fuels and technology (%)","800","Uganda","2017","<5","2017","Global Health Observatory (GHO), World Health Organisation (WHO).","","E","PERCENT","","","","","","","","","","","","G","","",""
"7","7.1","7.1.2","EG_EGY_CLEAN","Proportion of population with primary reliance on clean fuels and technology (%)","834","United Republic of Tanzania","2016","<5","2016","Global Health Observatory (GHO), World Health Organisation (WHO).","","E","PERCENT","","","","","","","","","","","","G","","",""
"7","7.1","7.1.2","EG_EGY_CLEAN","Proportion of population with primary reliance on clean fuels and technology (%)","834","United Republic of Tanzania","2017","<5","2017","Global Health Observatory (GHO), World Health Organisation (WHO).","","E","PERCENT","","","","","","","","","","","","G","","",""
"7","7.1","7.1.2","EG_EGY_CLEAN","Proportion of population with primary reliance on clean fuels and technology (%)","894","Zambia","2016","16","2016","Global Health Observatory (GHO), World Health Organisation (WHO).","","E","PERCENT","","","","","","","","","","","","G","","",""
"7","7.1","7.1.2","EG_EGY_CLEAN","Proportion of population with primary reliance on clean fuels and technology (%)","894","Zambia","2017","16","2017","Global Health Observatory (GHO), World Health Organisation (WHO).","","E","PERCENT","","","","","","","","","","","","G","","",""
"11","11.1","11.1.1","EN_LND_SLUM","Proportion of urban population living in slums (%)","76","Brazil","2016","16.3","2016","United Nations Human Settlements Programme (UN-HABITAT)","","NA","PERCENT","","","","","","","","","","","","G","","",""
"11","11.1","11.1.1","EN_LND_SLUM","Proportion of urban population living in slums (%)","104","Myanmar","2016","56.6","2016","United Nations Human Settlements Programme (UN-HABITAT)","","NA","PERCENT","","","","","","","","","","","","G","","",""
"11","11.1","11.1.1","EN_LND_SLUM","Proportion of urban population living in slums (%)","120","Cameroon","2016","21.7","2016","United Nations Human Settlements Programme (UN-HABITAT)","","NA","PERCENT","","","","","","","","","","","","G","","",""
"11","11.1","11.1.1","EN_LND_SLUM","Proportion of urban population living in slums (%)","140","Central African Republic","2016","97.5","2016","United Nations Human Settlements Programme (UN-HABITAT)","","NA","PERCENT","","","","","","","","","","","","G","","",""
"11","11.1","11.1.1","EN_LND_SLUM","Proportion of urban population living in slums (%)","148","Chad","2016","87.0","2016","United Nations Human Settlements Programme (UN-HABITAT)","","NA","PERCENT","","","","","","","","","","","","G","","",""
"11","11.1","11.1.1","EN_LND_SLUM","Proportion of urban population living in slums (%)","178","Congo","2016","48.0","2016","United Nations Human Settlements Programme (UN-HABITAT)","","NA","PERCENT","","","","","","","","","","","","G","","",""
"11","11.1","11.1.1","EN_LND_SLUM","Proportion of urban population living in slums (%)","180","Democratic Republic of the Congo","2016","79.1","2016","United Nations Human Settlements Programme (UN-HABITAT)","","NA","PERCENT","","","","","","","","","","","","G","","",""
"11","11.1","11.1.1","EN_LND_SLUM","Proportion of urban population living in slums (%)","202","Sub-Saharan Africa","2016","55.6","2016","United Nations Human Settlements Programme (UN-HABITAT)","","NA","PERCENT","","","","","","","","","","","","G","","",""
"11","11.1","11.1.1","EN_LND_SLUM","Proportion of urban population living in slums (%)","204","Benin","2016","59.6","2016","United Nations Human Settlements Programme (UN-HABITAT)","","NA","PERCENT","","","","","","","","","","","","G","","",""
"11","11.1","11.1.1","EN_LND_SLUM","Proportion of urban population living in slums (%)","208","Denmark","2016","0.001","2016","United Nations Human Settlements Programme (UN-HABITAT)","","NA","PERCENT","","","","","","","","","","","","G","","",""
"11","11.1","11.1.1","EN_LND_SLUM","Proportion of urban population living in slums (%)","231","Ethiopia","2016","65.9","2016","United Nations Human Settlements Programme (UN-HABITAT)","","NA","PERCENT","","","","","","","","","","","","G","","",""
"11","11.1","11.1.1","EN_LND_SLUM","Proportion of urban population living in slums (%)","276","Germany","2016","0.01","2016","United Nations Human Settlements Programme (UN-HABITAT)","","NA","PERCENT","","","","","","","","","","","","G","","",""
"11","11.1","11.1.1","EN_LND_SLUM","Proportion of urban population living in slums (%)","288","Ghana","2016","30.4","2016","United Nations Human Settlements Programme (UN-HABITAT)","","NA","PERCENT","","","","","","","","","","","","G","","",""
"11","11.1","11.1.1","EN_LND_SLUM","Proportion of urban population living in slums (%)","320","Guatemala","2016","31.0","2016","United Nations Human Settlements Programme (UN-HABITAT)","","NA","PERCENT","","","","","","","","","","","","G","","",""
"11","11.1","11.1.1","EN_LND_SLUM","Proportion of urban population living in slums (%)","356","India","2016","35.4","2016","United Nations Human Settlements Programme (UN-HABITAT)","","NA","PERCENT","","","","","","","","","","","","G","","",""
"11","11.1","11.1.1","EN_LND_SLUM","Proportion of urban population living in slums (%)","360","Indonesia","2016","30.9","2016","United Nations Human Settlements Programme (UN-HABITAT)","","NA","PERCENT","","","","","","","","","","","","G","","",""
"11","11.1","11.1.1","EN_LND_SLUM","Proportion of urban population living in slums (%)","404","Kenya","2016","46.5","2016","United Nations Human Settlements Programme (UN-HABITAT)","","NA","PERCENT","","","","","","","","","","","","G","","",""
"11","11.1","11.1.1","EN_LND_SLUM","Proportion of urban population living in slums (%)","426","Lesotho","2016","59.7","2016","United Nations Human Settlements Programme (UN-HABITAT)","","NA","PERCENT","","","","","","","","","","","","G","","",""
"11","11.1","11.1.1","EN_LND_SLUM","Proportion of urban population living in slums (%)","430","Liberia","2016","70.3","2016","United Nations Human Settlements Programme (UN-HABITAT)","","NA","PERCENT","","","","","","","","","","","","G","","",""
"11","11.1","11.1.1","EN_LND_SLUM","Proportion of urban population living in slums (%)","454","Malawi","2016","67.0","2016","United Nations Human Settlements Programme (UN-HABITAT)","","NA","PERCENT","","","","","","","","","","","","G","","",""
"11","11.1","11.1.1","EN_LND_SLUM","Proportion of urban population living in slums (%)","508","Mozambique","2016","76.7","2016","United Nations Human Settlements Programme (UN-HABITAT)","","NA","PERCENT","","","","","","","","","","","","G","","",""
"11","11.1","11.1.1","EN_LND_SLUM","Proportion of urban population living in slums (%)","516","Namibia","2016","42.3","2016","United Nations Human Settlements Programme (UN-HABITAT)","","NA","PERCENT","","","","","","","","","","","","G","","",""
"11","11.1","11.1.1","EN_LND_SLUM","Proportion of urban population living in slums (%)","566","Nigeria","2016","53.9","2016","United Nations Human Settlements Programme (UN-HABITAT)","","NA","PERCENT","","","","","","","","","","","","G","","",""
"11","11.1","11.1.1","EN_LND_SLUM","Proportion of urban population living in slums (%)","620","Portugal","2016","3.6","2016","United Nations Human Settlements Programme (UN-HABITAT)","","NA","PERCENT","","","","","","","","","","","","G","","",""
"11","11.1","11.1.1","EN_LND_SLUM","Proportion of urban population living in slums (%)","624","Guinea-Bissau","2016","78.9","2016","United Nations Human Settlements Programme (UN-HABITAT)","","NA","PERCENT","","","","","","","","","","","","G","","",""
"11","11.1","11.1.1","EN_LND_SLUM","Proportion of urban population living in slums (%)","710","South Africa","2016","26.3","2016","United Nations Human Settlements Programme (UN-HABITAT)","","NA","PERCENT","","","","","","","","","","","","G","","",""
"11","11.1","11.1.1","EN_LND_SLUM","Proportion of urban population living in slums (%)","716","Zimbabwe","2016","28.3","2016","United Nations Human Settlements Programme (UN-HABITAT)","","NA","PERCENT","","","","","","","","","","","","G","","",""
"11","11.1","11.1.1","EN_LND_SLUM","Proportion of urban population living in slums (%)","724","Spain","2016","7.8","2016","United Nations Human Settlements Programme (UN-HABITAT)","","NA","PERCENT","","","","","","","","","","","","G","","",""
"11","11.1","11.1.1","EN_LND_SLUM","Proportion of urban population living in slums (%)","728","South Sudan","2016","97.3","2016","United Nations Human Settlements Programme (UN-HABITAT)","","NA","PERCENT","","","","","","","","","","","","G","","",""
"11","11.1","11.1.1","EN_LND_SLUM","Proportion of urban population living in slums (%)","729","Sudan","2016","93.6","2016","United Nations Human Settlements Programme (UN-HABITAT)","","NA","PERCENT","","","","","","","","","","","","G","","",""
"11","11.1","11.1.1","EN_LND_SLUM","Proportion of urban population living in slums (%)","760","Syrian Arab Republic","2016","15.3","2016","United Nations Human Settlements Programme (UN-HABITAT)","","NA","PERCENT","","","","","","","","","","","","G","","",""
"11","11.1","11.1.1","EN_LND_SLUM","Proportion of urban population living in slums (%)","762","Tajikistan","2016","26.0","2016","United Nations Human Settlements Programme (UN-HABITAT)","","NA","PERCENT","","","","","","","","","","","","G","","",""
"11","11.1","11.1.1","EN_LND_SLUM","Proportion of urban population living in slums (%)","764","Thailand","2016","24.6","2016","United Nations Human Settlements Programme (UN-HABITAT)","","NA","PERCENT","","","","","","","","","","","","G","","",""
"11","11.1","11.1.1","EN_LND_SLUM","Proportion of urban population living in slums (%)","768","Togo","2016","53.0","2016","United Nations Human Settlements Programme (UN-HABITAT)","","NA","PERCENT","","","","","","","","","","","","G","","",""
"11","11.1","11.1.1","EN_LND_SLUM","Proportion of urban population living in slums (%)","800","Uganda","2016","47.5","2016","United Nations Human Settlements Programme (UN-HABITAT)","","NA","PERCENT","","","","","","","","","","","","G","","",""
"11","11.1","11.1.1","EN_LND_SLUM","Proportion of urban population living in slums (%)","834","United Republic of Tanzania","2016","41.7","2016","United Nations Human Settlements Programme (UN-HABITAT)","","NA","PERCENT","","","","","","","","","","","","G","","",""
"11","11.1","11.1.1","EN_LND_SLUM","Proportion of urban population living in slums (%)","894","Zambia","2016","63.3","2016","United Nations Human Settlements Programme (UN-HABITAT)","","NA","PERCENT","","","","","","","","","","","","G","","",""
