"country","iso2","iso3","iso_numeric","g_whoregion","year","lab_sm","lab_sm_eqa","lab_sm_eqa_pass","lab_sm_led","lab_cul","lab_dst","lab_dst_eqa","lab_dst_eqa_pass","lab_lpa","lab_lpa_eqa","lab_xpert","lab_xpert_eqa","sldst_avail_incntry","sldst_avail_outcntry","collab_private_lab","collab_public_lab","nrl","nrl_srl_link","nrl_qms","smear","smear_eqa","xpert","xpert_eqa","culture","dst","dst_eqa_pass","sldst","sldst_eqa_pass","lpa","lpa_eqa_pass","nrl_iso15189","xpert_etrans","sllpa","sllpa_eqa_pass"
"Andorra","AD","AND","020","EUR",2009,,,,,,,,,,,,,1,0,,,1,,,,,,,,,,,,,,,,,
"Andorra","AD","AND","020","EUR",2010,8,0,0,,8,8,0,0,0,0,,,1,0,,,1,,,,,,,,,,,,,,,,,
"Andorra","AD","AND","020","EUR",2011,8,,,,8,8,,,,,,,1,1,,,1,,,,,,,,,,,,,,,,,
"Andorra","AD","AND","020","EUR",2012,8,,,0,8,8,,,0,,0,,1,1,0,0,1,1,,,,,,,,,,,,,,,,
"Andorra","AD","AND","020","EUR",2013,8,,,0,8,8,,,0,,0,,1,1,0,0,1,1,,,,,,,,,,,,,,,,
"Andorra","AD","AND","020","EUR",2014,8,,,0,8,8,,,0,,0,,1,1,0,0,1,1,,,,,,,,,,,,,,,,
"Andorra","AD","AND","020","EUR",2015,,,,,,,,,,,,,,,,,,,,8,,0,,8,8,,0,,0,,,,,
"Andorra","AD","AND","020","EUR",2016,,,,,,,,,,,,,,,,,,,,8,,0,,8,8,,0,,0,,,,0,
"Andorra","AD","AND","020","EUR",2017,,,,,,,,,,,,,,,,,,,,8,,3,,8,3,,3,,4,,0,3,1,
"Bangladesh","BD","BGD","050","SEA",2009,1000,997,997,,1,1,1,1,,,,,0,0,,,1,,,,,,,,,,,,,,,,,
"Bangladesh","BD","BGD","050","SEA",2010,1050,1050,820,,3,2,2,,0,0,,,0,1,,,1,,,,,,,,,,,,,,,,,
"Bangladesh","BD","BGD","050","SEA",2011,1057,1057,994,14,3,2,2,2,0,0,0,0,0,1,,,1,,,,,,,,,,,,,,,,,
"Bangladesh","BD","BGD","050","SEA",2012,1070,1070,1009,26,3,3,3,3,1,0,12,0,0,1,1,1,1,1,,,,,,,,,,,,,,,,
"Bangladesh","BD","BGD","050","SEA",2013,1085,1085,1025,187,3,3,2,2,1,0,26,0,1,1,1,1,1,1,1,,,,,,,,,,,,,,,
"Bangladesh","BD","BGD","050","SEA",2014,1104,1104,1037,240,3,3,2,2,1,0,38,0,1,1,1,1,1,1,1,,,,,,,,,,,,,,,
"Bangladesh","BD","BGD","050","SEA",2015,,,,,,,,,,,,,,,,,,,,1106,40,38,0,4,4,2,2,2,1,1,1,38,,
"Bangladesh","BD","BGD","050","SEA",2016,,,,,,,,,,,,,,,,,,,,1116,1116,38,0,4,3,3,1,1,1,0,0,0,1,0
"Bangladesh","BD","BGD","050","SEA",2017,,,,,,,,,,,,,,,,,,,,1149,1149,47,0,4,3,3,2,2,1,1,0,0,1,1
"Benin","BJ","BEN","204","AFR",2009,57,,,,1,1,,,,,,,1,,,,1,,,,,,,,,,,,,,,,,
"Benin","BJ","BEN","204","AFR",2010,61,61,58,,1,1,1,1,1,0,,,1,,,,,,,,,,,,,,,,,,,,,
"Benin","BJ","BEN","204","AFR",2011,59,59,49,7,1,1,1,1,1,0,0,0,1,0,,,1,,,,,,,,,,,,,,,,,
"Benin","BJ","BEN","204","AFR",2012,77,57,52,7,1,1,1,1,1,1,1,0,1,1,0,0,1,1,,,,,,,,,,,,,,,,
"Benin","BJ","BEN","204","AFR",2013,78,78,73,7,1,1,1,1,1,1,1,1,1,1,1,1,1,1,1,,,,,,,,,,,,,,,
"Benin","BJ","BEN","204","AFR",2014,80,75,68,17,1,1,1,1,1,1,1,1,1,0,1,1,1,1,1,,,,,,,,,,,,,,,
"Benin","BJ","BEN","204","AFR",2015,,,,,,,,,,,,,,,,,,,,78,78,1,1,1,1,1,1,1,1,1,1,1,,
"Benin","BJ","BEN","204","AFR",2016,,,,,,,,,,,,,,,,,,,,70,70,6,6,1,1,1,1,1,1,1,1,1,1,1
"Benin","BJ","BEN","204","AFR",2017,,,,,,,,,,,,,,,,,,,,73,71,6,6,1,1,1,1,1,1,1,1,1,1,1
"Brazil","BR","BRA","076","AMR",2009,4092,1613,1129,,224,44,27,25,0,0,,,1,1,,,1,,,,,,,,,,,,,,,,,
"Brazil","BR","BRA","076","AMR",2010,3912,1690,1605,,252,39,28,21,0,0,,,1,1,,,1,,,,,,,,,,,,,,,,,
"Brazil","BR","BRA","076","AMR",2011,4028,1312,1051,2,306,45,30,23,0,0,0,0,1,,,,1,,,,,,,,,,,,,,,,,
"Brazil","BR","BRA","076","AMR",2012,4000,1610,1500,,220,35,35,35,8,,13,,1,0,0,1,1,1,,,,,,,,,,,,,,,,
"Brazil","BR","BRA","076","AMR",2013,3026,1175,829,1,345,39,6,5,0,0,0,0,1,0,0,1,1,1,1,,,,,,,,,,,,,,,
"Brazil","BR","BRA","076","AMR",2014,3382,1576,1059,1,324,26,4,4,1,0,48,0,1,0,0,1,1,0,1,,,,,,,,,,,,,,,
"Brazil","BR","BRA","076","AMR",2015,,,,,,,,,,,,,,,,,,,,2504,501,145,0,488,20,0,3,0,5,0,0,,,
"Brazil","BR","BRA","076","AMR",2016,,,,,,,,,,,,,,,,,,,,1777,,160,,257,27,0,2,0,2,0,0,150,2,0
"Brazil","BR","BRA","076","AMR",2017,,,,,,,,,,,,,,,,,,,,2107,716,155,0,363,37,0,2,0,3,0,0,155,1,0
"Cambodia","KH","KHM","116","WPR",2009,204,201,161,,3,1,1,1,0,0,,,0,1,,,1,,,,,,,,,,,,,,,,,
"Cambodia","KH","KHM","116","WPR",2010,209,207,180,,3,1,1,1,0,0,,,0,1,,,1,,,,,,,,,,,,,,,,,
"Cambodia","KH","KHM","116","WPR",2011,211,207,185,18,3,1,1,1,0,0,1,0,0,1,,,1,,,,,,,,,,,,,,,,,
"Cambodia","KH","KHM","116","WPR",2012,214,210,184,21,3,1,1,1,0,0,6,5,0,0,1,1,1,1,,,,,,,,,,,,,,,,
"Cambodia","KH","KHM","116","WPR",2013,215,212,190,29,4,1,1,1,0,0,10,9,0,0,1,,1,1,0,,,,,,,,,,,,,,,
"Cambodia","KH","KHM","116","WPR",2014,215,211,192,29,4,3,3,3,0,0,17,0,0,0,1,1,1,1,0,,,,,,,,,,,,,,,
"Cambodia","KH","KHM","116","WPR",2015,,,,,,,,,,,,,,,,,,,,215,207,17,0,4,2,2,1,1,0,0,0,0,,
"Cambodia","KH","KHM","116","WPR",2016,,,,,,,,,,,,,,,,,,,,216,216,64,6,4,3,3,2,2,0,0,0,0,0,0
"Cambodia","KH","KHM","116","WPR",2017,,,,,,,,,,,,,,,,,,,,217,217,64,6,5,3,3,2,2,0,0,0,0,1,
"Cameroon","CM","CMR","120","AFR",2009,216,216,175,,3,2,2,2,0,0,,,1,1,,,1,,,,,,,,,,,,,,,,,
"Cameroon","CM","CMR","120","AFR",2010,216,216,175,,3,2,2,2,0,0,,,1,1,,,1,,,,,,,,,,,,,,,,,
"Cameroon","CM","CMR","120","AFR",2011,217,217,217,9,4,2,2,2,1,1,1,0,1,1,,,1,,,,,,,,,,,,,,,,,
"Cameroon","CM","CMR","120","AFR",2012,230,230,196,10,4,2,2,2,2,2,1,1,1,0,0,0,1,1,,,,,,,,,,,,,,,,
"Cameroon","CM","CMR","120","AFR",2013,238,145,113,3,3,3,0,0,2,0,3,0,1,,0,0,1,1,0,,,,,,,,,,,,,,,
"Cameroon","CM","CMR","120","AFR",2014,242,196,140,9,3,2,2,2,2,2,3,3,1,1,0,0,1,1,1,,,,,,,,,,,,,,,
"Cameroon","CM","CMR","120","AFR",2015,,,,,,,,,,,,,,,,,,,,243,203,5,,3,2,,2,,2,,,3,,
"Cameroon","CM","CMR","120","AFR",2016,,,,,,,,,,,,,,,,,,,,248,248,14,14,2,2,2,2,2,2,2,1,14,2,2
"Cameroon","CM","CMR","120","AFR",2017,,,,,,,,,,,,,,,,,,,,253,253,17,17,3,2,2,2,2,2,2,1,17,2,2
"Central African Republic","CF","CAF","140","AFR",2009,72,0,0,,1,1,,,0,,,,0,0,,,1,,,,,,,,,,,,,,,,,
"Central African Republic","CF","CAF","140","AFR",2010,73,0,0,,1,1,1,1,0,0,,,0,0,,,1,,,,,,,,,,,,,,,,,
"Central African Republic","CF","CAF","140","AFR",2011,72,1,1,0,1,1,1,1,1,0,0,0,0,,,,1,,,,,,,,,,,,,,,,,
"Central African Republic","CF","CAF","140","AFR",2012,72,67,40,0,1,1,1,1,0,0,1,1,0,0,1,0,1,1,,,,,,,,,,,,,,,,
"Central African Republic","CF","CAF","140","AFR",2013,71,0,0,0,1,1,1,1,0,0,1,1,0,0,0,0,1,1,1,,,,,,,,,,,,,,,
"Central African Republic","CF","CAF","140","AFR",2014,79,1,0,1,2,1,1,0,0,0,1,0,0,0,1,1,1,0,0,,,,,,,,,,,,,,,
"Central African Republic","CF","CAF","140","AFR",2015,,,,,,,,,,,,,,,,,,,,72,72,1,1,1,1,,0,0,0,0,1,1,,
"Central African Republic","CF","CAF","140","AFR",2016,,,,,,,,,,,,,,,,,,,,79,65,1,1,1,1,1,1,1,1,1,1,1,1,1
"Central African Republic","CF","CAF","140","AFR",2017,,,,,,,,,,,,,,,,,,,,75,73,1,1,1,1,1,1,1,1,1,0,1,1,1
"China","CN","CHN","156","WPR",2009,3328,3328,3309,,829,129,87,86,3,0,,,1,1,,,1,,,,,,,,,,,,,,,,,
"China","CN","CHN","156","WPR",2010,3328,3328,3221,,894,195,118,118,8,8,,,1,,,,1,,,,,,,,,,,,,,,,,
"China","CN","CHN","156","WPR",2011,3328,3128,3073,55,594,195,125,120,20,5,16,5,1,0,,,1,,,,,,,,,,,,,,,,,
"China","CN","CHN","156","WPR",2012,3328,3203,3171,55,1014,190,133,127,21,21,16,0,1,0,0,1,1,1,,,,,,,,,,,,,,,,
"China","CN","CHN","156","WPR",2013,3328,3018,2990,1087,1284,249,249,196,133,2,160,0,1,,0,1,1,1,1,,,,,,,,,,,,,,,
"China","CN","CHN","156","WPR",2014,2952,2777,2686,1120,1825,399,323,222,157,120,654,0,1,0,0,1,1,1,1,,,,,,,,,,,,,,,
"China","CN","CHN","156","WPR",2015,,,,,,,,,,,,,,,,,,,,2980,2801,1024,983,1833,523,511,282,279,235,230,1,0,,
"China","CN","CHN","156","WPR",2016,,,,,,,,,,,,,,,,,,,,4215,3988,1244,1057,2760,587,560,426,378,325,302,0,0,0,0
"China","CN","CHN","156","WPR",2017,,,,,,,,,,,,,,,,,,,,4215,3300,1076,671,2182,587,429,426,426,325,88,0,,0,0
"Congo","CG","COG","178","AFR",2009,24,0,0,,0,0,0,0,0,0,,,0,1,,,1,,,,,,,,,,,,,,,,,
"Congo","CG","COG","178","AFR",2010,24,0,0,,0,0,0,0,0,0,,,0,0,,,1,,,,,,,,,,,,,,,,,
"Congo","CG","COG","178","AFR",2011,31,0,0,0,0,0,0,0,0,0,0,0,0,0,,,1,,,,,,,,,,,,,,,,,
"Congo","CG","COG","178","AFR",2012,33,2,2,1,,,,,,,,,0,0,1,0,1,1,,,,,,,,,,,,,,,,
"Congo","CG","COG","178","AFR",2013,42,8,8,1,0,0,0,0,0,0,1,1,0,0,1,1,1,0,0,,,,,,,,,,,,,,,
"Congo","CG","COG","178","AFR",2014,32,4,4,1,0,0,0,0,0,0,1,1,0,0,1,0,1,1,0,,,,,,,,,,,,,,,
"Congo","CG","COG","178","AFR",2015,,,,,,,,,,,,,,,,,,,,40,4,1,1,0,0,0,0,0,0,0,0,1,,
"Congo","CG","COG","178","AFR",2016,,,,,,,,,,,,,,,,,,,,42,11,1,0,0,0,0,0,0,0,0,0,1,0,0
"Congo","CG","COG","178","AFR",2017,,,,,,,,,,,,,,,,,,,,38,38,1,1,0,0,0,0,0,0,0,0,1,0,0
"Czechia","CZ","CZE","203","EUR",2009,,,,,,,,,,,,,1,0,,,1,,,,,,,,,,,,,,,,,
"Czechia","CZ","CZE","203","EUR",2010,44,42,40,,44,17,17,17,3,0,,,1,0,,,1,,,,,,,,,,,,,,,,,
"Czechia","CZ","CZE","203","EUR",2011,48,40,37,,48,17,17,16,17,17,,,1,0,,,1,,,,,,,,,,,,,,,,,
"Czechia","CZ","CZE","203","EUR",2012,46,40,39,,46,19,10,10,19,10,,0,1,0,1,1,1,1,,,,,,,,,,,,,,,,
"Czechia","CZ","CZE","203","EUR",2013,40,40,38,,40,17,17,16,18,18,,0,1,0,1,1,1,1,1,,,,,,,,,,,,,,,
"Czechia","CZ","CZE","203","EUR",2014,39,39,35,19,38,16,16,14,17,17,,0,1,0,1,1,1,1,1,,,,,,,,,,,,,,,
"Czechia","CZ","CZE","203","EUR",2015,,,,,,,,,,,,,,,,,,,,39,39,5,,39,16,16,10,,17,12,1,5,,
"Czechia","CZ","CZE","203","EUR",2016,,,,,,,,,,,,,,,,,,,,39,39,5,,39,18,18,10,1,8,8,1,5,8,1
"Czechia","CZ","CZE","203","EUR",2017,,,,,,,,,,,,,,,,,,,,38,38,12,0,38,17,17,6,1,3,1,1,12,2,1
"Democratic People's Republic of Korea","KP","PRK","408","SEA",2009,285,285,,,,,,,,,,,0,0,,,1,,,,,,,,,,,,,,,,,
"Democratic People's Republic of Korea","KP","PRK","408","SEA",2010,285,284,236,,,,,,,,,,0,0,,,1,,,,,,,,,,,,,,,,,
"Democratic People's Republic of Korea","KP","PRK","408","SEA",2011,285,284,222,1,1,1,1,,0,0,0,0,,1,,,,,,,,,,,,,,,,,,,,
"Democratic People's Republic of Korea","KP","PRK","408","SEA",2012,320,307,279,1,1,1,0,,0,,0,,0,1,0,0,1,1,,,,,,,,,,,,,,,,
"Democratic People's Republic of Korea","KP","PRK","408","SEA",2013,336,336,306,1,1,1,1,0,0,0,1,0,0,1,0,0,1,1,1,,,,,,,,,,,,,,,
"Democratic People's Republic of Korea","KP","PRK","408","SEA",2014,358,358,333,1,1,1,1,0,0,0,1,1,0,1,0,0,1,1,1,,,,,,,,,,,,,,,
"Democratic People's Republic of Korea","KP","PRK","408","SEA",2015,,,,,,,,,,,,,,,,,,,,359,359,1,1,1,1,1,1,0,0,0,1,0,,
"Democratic People's Republic of Korea","KP","PRK","408","SEA",2016,,,,,,,,,,,,,,,,,,,,367,366,4,0,2,2,0,0,0,1,0,1,1,1,0
"Democratic People's Republic of Korea","KP","PRK","408","SEA",2017,,,,,,,,,,,,,,,,,,,,367,366,4,,2,2,0,1,0,0,0,1,,1,0
"Democratic Republic of the Congo","CD","COD","180","AFR",2009,1421,,,,1,1,1,,,,,,0,0,,,1,,,,,,,,,,,,,,,,,
"Democratic Republic of the Congo","CD","COD","180","AFR",2010,1460,1400,1050,,1,1,1,1,0,0,,,0,0,,,1,,,,,,,,,,,,,,,,,
"Democratic Republic of the Congo","CD","COD","180","AFR",2011,1508,1281,1117,0,1,1,1,1,0,0,0,0,1,,,,1,,,,,,,,,,,,,,,,,
"Democratic Republic of the Congo","CD","COD","180","AFR",2012,1522,1217,851,2,4,2,2,2,1,1,26,26,1,1,1,1,1,1,,,,,,,,,,,,,,,,
"Democratic Republic of the Congo","CD","COD","180","AFR",2013,1522,1293,711,20,2,1,1,1,1,,26,26,1,,,1,1,1,1,,,,,,,,,,,,,,,
"Democratic Republic of the Congo","CD","COD","180","AFR",2014,1604,1031,826,20,4,3,2,2,1,1,39,37,1,1,,1,1,1,1,,,,,,,,,,,,,,,
"Democratic Republic of the Congo","CD","COD","180","AFR",2015,,,,,,,,,,,,,,,,,,,,1604,1508,44,43,3,2,2,2,2,1,1,0,43,,
"Democratic Republic of the Congo","CD","COD","180","AFR",2016,,,,,,,,,,,,,,,,,,,,1746,1580,60,0,3,0,0,2,2,0,0,0,0,1,1
"Democratic Republic of the Congo","CD","COD","180","AFR",2017,,,,,,,,,,,,,,,,,,,,1875,1875,76,76,4,0,0,1,1,0,0,1,0,2,2
"Denmark","DK","DNK","208","EUR",2009,,,,,,,,,,,,,1,0,,,1,,,,,,,,,,,,,,,,,
"Denmark","DK","DNK","208","EUR",2010,10,,,,1,1,1,1,1,,,,1,1,,,1,,,,,,,,,,,,,,,,,
"Denmark","DK","DNK","208","EUR",2011,,,,,,,,,,,,,,,,,,,,,,,,,,,,,,,,,,
"Denmark","DK","DNK","208","EUR",2012,12,,,,1,1,1,1,1,1,,,1,0,0,1,1,1,,,,,,,,,,,,,,,,
"Denmark","DK","DNK","208","EUR",2013,,,,,,,,,,,,,,,,,,,,,,,,,,,,,,,,,,
"Denmark","DK","DNK","208","EUR",2014,,,,,,,,,,,,,,,,,,,,,,,,,,,,,,,,,,
"Denmark","DK","DNK","208","EUR",2015,,,,,,,,,,,,,,,,,,,,,,,,,,,,,,,,,,
"Denmark","DK","DNK","208","EUR",2016,,,,,,,,,,,,,,,,,,,,,,,,,,,,,,,,,,
"Denmark","DK","DNK","208","EUR",2017,,,,,,,,,,,,,,,,,,,,,,,,,,,,,,,,,,
"Ethiopia","ET","ETH","231","AFR",2009,1187,310,290,,2,2,2,,0,0,,,0,1,,,1,,,,,,,,,,,,,,,,,
"Ethiopia","ET","ETH","231","AFR",2010,1876,,,,2,2,2,2,2,2,,,1,0,,,1,,,,,,,,,,,,,,,,,
"Ethiopia","ET","ETH","231","AFR",2011,1947,,,,2,1,1,1,2,2,,,1,0,,,1,,,,,,,,,,,,,,,,,
"Ethiopia","ET","ETH","231","AFR",2012,2531,1445,,0,5,1,,1,5,4,7,,0,0,1,1,1,1,,,,,,,,,,,,,,,,
"Ethiopia","ET","ETH","231","AFR",2013,2107,1517,,282,7,7,,,7,,23,,1,0,1,1,1,1,1,,,,,,,,,,,,,,,
"Ethiopia","ET","ETH","231","AFR",2014,2972,1969,,282,8,8,,,8,,28,,1,0,1,1,1,1,1,,,,,,,,,,,,,,,
"Ethiopia","ET","ETH","231","AFR",2015,,,,,,,,,,,,,,,,,,,,2823,2191,105,18,8,1,1,1,1,8,8,1,30,,
"Ethiopia","ET","ETH","231","AFR",2016,,,,,,,,,,,,,,,,,,,,3240,1914,138,88,9,1,1,1,1,7,7,1,30,1,1
"Ethiopia","ET","ETH","231","AFR",2017,,,,,,,,,,,,,,,,,,,,3154,2562,153,88,8,,,1,,,,1,0,10,
"France","FR","FRA","250","EUR",2009,,,,,,,,,,,,,1,0,,,1,,,,,,,,,,,,,,,,,
"France","FR","FRA","250","EUR",2010,210,,,,210,80,35,35,,,,,1,0,,,1,,,,,,,,,,,,,,,,,
"France","FR","FRA","250","EUR",2011,235,0,,,230,70,35,35,21,,20,,1,0,,,1,,,,,,,,,,,,,,,,,
"France","FR","FRA","250","EUR",2012,235,0,,,230,70,35,35,21,,20,,1,0,,,1,,,,,,,,,,,,,,,,,
"France","FR","FRA","250","EUR",2013,235,,,,230,70,35,35,21,,20,,1,0,1,1,1,1,,,,,,,,,,,,,,,,
"France","FR","FRA","250","EUR",2014,178,,,,178,60,,,37,,50,,1,,1,1,1,1,1,,,,,,,,,,,,,,,
"France","FR","FRA","250","EUR",2015,,,,,,,,,,,,,,,,,,,,174,35,46,,171,60,35,,,25,,1,46,,
"France","FR","FRA","250","EUR",2016,,,,,,,,,,,,,,,,,,,,150,150,60,,150,58,,1,,32,,1,60,8,
"France","FR","FRA","250","EUR",2017,,,,,,,,,,,,,,,,,,,,150,150,61,,150,58,,1,,37,,1,61,16,
"Germany","DE","DEU","276","EUR",2009,,,,,,,,,,,,,1,0,,,1,,,,,,,,,,,,,,,,,
"Germany","DE","DEU","276","EUR",2010,250,,,,191,73,,,,,,,1,,,,1,,,,,,,,,,,,,,,,,
"Germany","DE","DEU","276","EUR",2011,254,,,,189,84,,,,,,,1,,,,1,,,,,,,,,,,,,,,,,
"Germany","DE","DEU","276","EUR",2012,254,254,248,,189,84,84,82,75,74,141,140,1,,,,1,,,,,,,,,,,,,,,,,
"Germany","DE","DEU","276","EUR",2013,242,242,240,,176,74,74,73,,,,,1,1,1,1,1,,1,,,,,,,,,,,,,,,
"Germany","DE","DEU","276","EUR",2014,244,244,239,,177,72,72,71,,,,,1,,1,1,1,1,0,,,,,,,,,,,,,,,
"Germany","DE","DEU","276","EUR",2015,,,,,,,,,,,,,,,,,,,,259,259,50,50,190,,,80,80,,,0,,,
"Germany","DE","DEU","276","EUR",2016,,,,,,,,,,,,,,,,,,,,255,255,71,71,191,,,,,,,0,,,
"Germany","DE","DEU","276","EUR",2017,,,,,,,,,,,,,,,,,,,,150,150,37,37,140,50,50,7,7,,,0,,,
"Guatemala","GT","GTM","320","AMR",2009,234,224,214,,12,1,1,1,0,0,,,1,1,,,1,,,,,,,,,,,,,,,,,
"Guatemala","GT","GTM","320","AMR",2010,267,189,179,,11,1,1,0,0,0,,,0,1,,,1,,,,,,,,,,,,,,,,,
"Guatemala","GT","GTM","320","AMR",2011,267,145,145,0,12,3,1,1,0,0,0,0,0,1,,,1,,,,,,,,,,,,,,,,,
"Guatemala","GT","GTM","320","AMR",2012,284,216,214,50,10,3,1,1,0,0,0,0,0,1,1,1,1,1,,,,,,,,,,,,,,,,
"Guatemala","GT","GTM","320","AMR",2013,267,267,147,50,12,1,1,1,1,1,0,0,0,1,0,0,1,1,1,,,,,,,,,,,,,,,
"Guatemala","GT","GTM","320","AMR",2014,289,284,216,50,10,3,1,1,3,0,11,0,0,1,1,1,1,1,0,,,,,,,,,,,,,,,
"Guatemala","GT","GTM","320","AMR",2015,,,,,,,,,,,,,,,,,,,,290,290,12,0,11,3,1,3,1,3,0,0,0,,
"Guatemala","GT","GTM","320","AMR",2016,,,,,,,,,,,,,,,,,,,,281,167,12,0,9,3,1,0,0,1,0,0,7,0,0
"Guatemala","GT","GTM","320","AMR",2017,,,,,,,,,,,,,,,,,,,,285,270,15,0,7,1,1,1,1,3,0,0,7,1,0
"India","IN","IND","356","SEA",2009,12704,12704,11664,,17,17,17,,1,0,,,1,,,,1,,,,,,,,,,,,,,,,,
"India","IN","IND","356","SEA",2010,12870,12870,11710,,19,19,19,19,3,3,,,1,,,,1,,,,,,,,,,,,,,,,,
"India","IN","IND","356","SEA",2011,13026,12542,8334,235,37,37,37,37,17,17,18,18,1,0,,,1,,,,,,,,,,,,,,,,,
"India","IN","IND","356","SEA",2012,13098,13098,9642,235,70,38,38,38,33,33,32,30,1,,1,1,1,1,,,,,,,,,,,,,,,,
"India","IN","IND","356","SEA",2013,13048,13048,,200,53,45,45,45,41,41,54,54,1,,1,1,1,1,1,,,,,,,,,,,,,,,
"India","IN","IND","356","SEA",2014,13583,13583,,245,67,62,62,62,50,50,121,121,1,,1,1,1,1,1,,,,,,,,,,,,,,,
"India","IN","IND","356","SEA",2015,,,,,,,,,,,,,,,,,,,,13886,13886,123,123,75,64,64,26,26,51,51,1,0,,
"India","IN","IND","356","SEA",2016,,,,,,,,,,,,,,,,,,,,15057,15057,628,628,69,54,54,26,26,54,54,1,628,6,6
"India","IN","IND","356","SEA",2017,,,,,,,,,,,,,,,,,,,,14207,14207,1135,1135,74,48,48,38,38,56,56,1,1135,50,50
"Indonesia","ID","IDN","360","SEA",2009,5118,2088,1178,,43,5,5,5,0,0,,,1,0,,,0,,,,,,,,,,,,,,,,,
"Indonesia","ID","IDN","360","SEA",2010,5118,1894,1431,,45,5,5,5,0,0,,,1,0,,,1,,,,,,,,,,,,,,,,,
"Indonesia","ID","IDN","360","SEA",2011,5566,2951,2678,0,46,5,5,5,2,2,5,5,1,0,,,1,,,,,,,,,,,,,,,,,
"Indonesia","ID","IDN","360","SEA",2012,5566,3284,2463,0,46,5,5,5,2,2,9,9,1,0,1,1,1,1,,,,,,,,,,,,,,,,
"Indonesia","ID","IDN","360","SEA",2013,5566,2616,1962,0,18,10,10,7,2,2,23,23,1,0,1,1,1,1,1,,,,,,,,,,,,,,,
"Indonesia","ID","IDN","360","SEA",2014,5689,3413,2275,0,20,15,15,12,2,2,41,41,1,0,1,0,1,1,1,,,,,,,,,,,,,,,
"Indonesia","ID","IDN","360","SEA",2015,,,,,,,,,,,,,,,,,,,,6820,1793,62,62,16,13,13,5,5,2,2,1,51,,
"Indonesia","ID","IDN","360","SEA",2016,,,,,,,,,,,,,,,,,,,,6032,359,93,,20,13,13,7,6,3,3,0,93,0,0
"Indonesia","ID","IDN","360","SEA",2017,,,,,,,,,,,,,,,,,,,,7045,2619,476,367,25,14,,9,,0,0,0,313,0,0
"Israel","IL","ISR","376","EUR",2009,,,,,,,,,,,,,1,0,,,1,,,,,,,,,,,,,,,,,
"Israel","IL","ISR","376","EUR",2010,20,0,0,,20,2,0,0,1,0,,,1,0,,,1,,,,,,,,,,,,,,,,,
"Israel","IL","ISR","376","EUR",2011,19,17,17,,19,2,2,2,1,1,1,0,1,0,,,1,,,,,,,,,,,,,,,,,
"Israel","IL","ISR","376","EUR",2012,19,17,17,,19,2,2,2,1,1,1,0,1,0,0,1,1,1,,,,,,,,,,,,,,,,
"Israel","IL","ISR","376","EUR",2013,19,17,17,,19,2,2,2,,,,,1,0,0,1,1,1,1,,,,,,,,,,,,,,,
"Israel","IL","ISR","376","EUR",2014,19,17,17,,19,2,2,2,,,,,1,0,0,1,1,1,1,,,,,,,,,,,,,,,
"Israel","IL","ISR","376","EUR",2015,,,,,,,,,,,,,,,,,,,,19,,,,19,2,2,1,1,,,1,,,
"Israel","IL","ISR","376","EUR",2016,,,,,,,,,,,,,,,,,,,,19,,,,19,2,2,1,1,1,1,1,,,
"Israel","IL","ISR","376","EUR",2017,,,,,,,,,,,,,,,,,,,,17,,,,17,2,2,1,1,1,1,1,,,
"Kenya","KE","KEN","404","AFR",2009,1183,614,405,,6,4,4,4,3,3,,,0,1,,,1,,,,,,,,,,,,,,,,,
"Kenya","KE","KEN","404","AFR",2010,1341,1116,1037,,6,4,4,4,3,3,,,0,1,,,1,,,,,,,,,,,,,,,,,
"Kenya","KE","KEN","404","AFR",2011,1581,1292,1234,150,6,1,1,1,1,1,3,0,0,1,,,1,,,,,,,,,,,,,,,,,
"Kenya","KE","KEN","404","AFR",2012,1818,1519,1410,150,2,2,2,2,2,2,15,0,1,1,1,1,1,1,,,,,,,,,,,,,,,,
"Kenya","KE","KEN","404","AFR",2013,1860,1704,1704,160,7,6,1,1,2,1,21,21,0,0,1,1,1,1,1,,,,,,,,,,,,,,,
"Kenya","KE","KEN","404","AFR",2014,1920,1574,1574,400,3,3,3,3,5,1,70,30,0,0,1,1,1,1,1,,,,,,,,,,,,,,,
"Kenya","KE","KEN","404","AFR",2015,,,,,,,,,,,,,,,,,,,,2150,1989,126,57,2,2,2,1,1,1,1,1,102,,
"Kenya","KE","KEN","404","AFR",2016,,,,,,,,,,,,,,,,,,,,2172,1860,130,89,5,5,2,5,2,6,3,1,118,1,1
"Kenya","KE","KEN","404","AFR",2017,,,,,,,,,,,,,,,,,,,,2409,1972,206,153,2,2,2,2,2,2,2,1,177,2,2
"Lesotho","LS","LSO","426","AFR",2009,18,18,18,,1,1,,,1,,,,,1,,,0,,,,,,,,,,,,,,,,,
"Lesotho","LS","LSO","426","AFR",2010,17,17,17,,1,1,1,1,1,0,,,0,1,,,1,,,,,,,,,,,,,,,,,
"Lesotho","LS","LSO","426","AFR",2011,18,18,18,4,1,1,1,1,1,0,3,0,0,0,,,1,,,,,,,,,,,,,,,,,
"Lesotho","LS","LSO","426","AFR",2012,18,14,14,3,1,1,1,1,1,1,5,5,0,1,0,0,1,1,,,,,,,,,,,,,,,,
"Lesotho","LS","LSO","426","AFR",2013,18,17,,3,1,0,0,0,1,1,8,8,0,0,,1,1,1,1,,,,,,,,,,,,,,,
"Lesotho","LS","LSO","426","AFR",2014,18,18,5,5,1,1,1,1,1,1,17,14,0,1,1,1,1,1,1,,,,,,,,,,,,,,,
"Lesotho","LS","LSO","426","AFR",2015,,,,,,,,,,,,,,,,,,,,18,18,23,20,1,1,1,0,0,1,1,1,0,,
"Lesotho","LS","LSO","426","AFR",2016,,,,,,,,,,,,,,,,,,,,18,18,22,22,1,1,1,0,0,1,1,1,0,0,0
"Lesotho","LS","LSO","426","AFR",2017,,,,,,,,,,,,,,,,,,,,19,19,23,23,1,1,1,0,,1,1,1,0,0,
"Liberia","LR","LBR","430","AFR",2009,145,145,125,,0,0,0,0,0,0,,,1,,,,0,,,,,,,,,,,,,,,,,
"Liberia","LR","LBR","430","AFR",2010,145,145,99,,1,0,0,0,0,0,,,0,0,,,0,,,,,,,,,,,,,,,,,
"Liberia","LR","LBR","430","AFR",2011,153,153,122,0,0,0,0,0,0,0,0,0,0,0,,,1,,,,,,,,,,,,,,,,,
"Liberia","LR","LBR","430","AFR",2012,163,163,120,0,0,0,0,0,0,0,0,0,0,1,1,1,0,,,,,,,,,,,,,,,,,
"Liberia","LR","LBR","430","AFR",2013,170,170,153,0,1,1,1,1,0,0,0,0,0,0,1,1,1,1,1,,,,,,,,,,,,,,,
"Liberia","LR","LBR","430","AFR",2014,171,171,171,0,1,2,2,2,0,0,0,0,0,1,1,1,1,1,1,,,,,,,,,,,,,,,
"Liberia","LR","LBR","430","AFR",2015,,,,,,,,,,,,,,,,,,,,161,0,3,0,1,1,0,1,0,0,0,0,0,,
"Liberia","LR","LBR","430","AFR",2016,,,,,,,,,,,,,,,,,,,,161,75,9,0,1,9,9,0,0,0,0,1,0,0,0
"Liberia","LR","LBR","430","AFR",2017,,,,,,,,,,,,,,,,,,,,140,60,15,15,0,0,0,0,0,0,0,0,0,0,0
"Madagascar","MG","MDG","450","AFR",2009,251,98,77,,1,1,1,1,1,0,,,1,0,,,1,,,,,,,,,,,,,,,,,
"Madagascar","MG","MDG","450","AFR",2010,241,98,28,,1,1,1,1,1,1,,,1,0,,,1,,,,,,,,,,,,,,,,,
"Madagascar","MG","MDG","450","AFR",2011,222,135,126,5,1,1,1,1,1,1,,,1,0,,,1,,,,,,,,,,,,,,,,,
"Madagascar","MG","MDG","450","AFR",2012,218,127,51,12,1,1,0,0,1,0,5,0,0,0,0,0,1,1,,,,,,,,,,,,,,,,
"Madagascar","MG","MDG","450","AFR",2013,218,208,123,10,1,1,1,1,0,0,5,0,0,0,0,0,1,1,0,,,,,,,,,,,,,,,
"Madagascar","MG","MDG","450","AFR",2014,217,140,101,10,1,1,1,1,1,1,5,0,1,0,0,0,1,1,0,,,,,,,,,,,,,,,
"Madagascar","MG","MDG","450","AFR",2015,,,,,,,,,,,,,,,,,,,,219,89,5,0,1,0,0,1,1,1,1,0,0,,
"Madagascar","MG","MDG","450","AFR",2016,,,,,,,,,,,,,,,,,,,,216,113,5,4,1,1,1,1,1,0,0,0,0,0,0
"Madagascar","MG","MDG","450","AFR",2017,,,,,,,,,,,,,,,,,,,,216,178,8,0,1,1,0,1,0,1,0,1,8,1,0
"Montserrat","MS","MSR","500","AMR",2009,,,,,,,,,,,,,,,,,,,,,,,,,,,,,,,,,,
"Montserrat","MS","MSR","500","AMR",2010,,,,,,,,,,,,,0,1,,,0,,,,,,,,,,,,,,,,,
"Montserrat","MS","MSR","500","AMR",2011,,,,,,,,,,,,,0,1,,,0,,,,,,,,,,,,,,,,,
"Montserrat","MS","MSR","500","AMR",2012,,,,,,,,,,,,,0,1,,,0,,,,,,,,,,,,,,,,,
"Montserrat","MS","MSR","500","AMR",2013,,,,,,,,,,,,,0,1,,,0,,,,,,,,,,,,,,,,,
"Montserrat","MS","MSR","500","AMR",2014,,,,,,,,,,,,,0,1,,,0,,,,,,,,,,,,,,,,,
"Montserrat","MS","MSR","500","AMR",2015,,,,,,,,,,,,,,,,,,,,1,1,,,1,,,,,,,0,0,,
"Montserrat","MS","MSR","500","AMR",2016,,,,,,,,,,,,,,,,,,,,1,1,0,0,0,0,0,0,0,0,0,,,0,0
"Montserrat","MS","MSR","500","AMR",2017,,,,,,,,,,,,,,,,,,,,,,,,,,,,,,,,,,
"Morocco","MA","MAR","504","EMR",2009,149,112,0,,14,2,1,0,0,0,,,0,0,,,1,,,,,,,,,,,,,,,,,
"Morocco","MA","MAR","504","EMR",2010,168,,,,16,2,,,0,,,,0,,,,1,,,,,,,,,,,,,,,,,
"Morocco","MA","MAR","504","EMR",2011,167,67,13,0,14,2,2,2,0,0,0,0,0,,,,1,,,,,,,,,,,,,,,,,
"Morocco","MA","MAR","504","EMR",2012,159,63,57,20,14,2,2,2,0,0,0,0,0,0,1,1,1,1,,,,,,,,,,,,,,,,
"Morocco","MA","MAR","504","EMR",2013,149,107,88,40,18,2,2,2,2,2,0,0,1,1,1,1,1,1,0,,,,,,,,,,,,,,,
"Morocco","MA","MAR","504","EMR",2014,147,31,1,60,14,2,2,2,15,,14,,0,,1,1,1,1,0,,,,,,,,,,,,,,,
"Morocco","MA","MAR","504","EMR",2015,,,,,,,,,,,,,,,,,,,,147,1,14,0,17,2,1,2,0,2,0,0,0,,
"Morocco","MA","MAR","504","EMR",2016,,,,,,,,,,,,,,,,,,,,147,28,14,9,14,0,0,2,2,2,0,0,14,2,2
"Morocco","MA","MAR","504","EMR",2017,,,,,,,,,,,,,,,,,,,,147,30,14,10,14,0,0,2,2,2,0,0,14,2,2
"Mozambique","MZ","MOZ","508","AFR",2009,433,,,,1,1,1,1,0,0,,,0,1,,,1,,,,,,,,,,,,,,,,,
"Mozambique","MZ","MOZ","508","AFR",2010,433,,,,2,2,1,1,0,0,,,,1,,,1,,,,,,,,,,,,,,,,,
"Mozambique","MZ","MOZ","508","AFR",2011,430,14,11,2,2,2,1,1,0,0,1,0,1,1,,,1,,,,,,,,,,,,,,,,,
"Mozambique","MZ","MOZ","508","AFR",2012,300,16,9,27,3,2,1,1,0,0,12,0,0,1,,1,1,1,,,,,,,,,,,,,,,,
"Mozambique","MZ","MOZ","508","AFR",2013,325,22,11,62,3,2,2,2,1,1,14,0,0,1,0,0,1,1,1,,,,,,,,,,,,,,,
"Mozambique","MZ","MOZ","508","AFR",2014,336,89,60,71,3,2,2,2,1,1,24,0,1,,0,0,0,,,,,,,,,,,,,,,,,
"Mozambique","MZ","MOZ","508","AFR",2015,,,,,,,,,,,,,,,,,,,,344,344,41,12,3,2,2,1,1,1,1,1,30,,
"Mozambique","MZ","MOZ","508","AFR",2016,,,,,,,,,,,,,,,,,,,,367,89,63,38,2,1,1,1,1,1,1,1,47,0,0
"Mozambique","MZ","MOZ","508","AFR",2017,,,,,,,,,,,,,,,,,,,,398,130,74,56,3,2,2,1,1,2,2,1,74,1,1
"Myanmar","MM","MMR","104","SEA",2009,405,345,345,,2,2,1,1,,,,,0,0,,,1,,,,,,,,,,,,,,,,,
"Myanmar","MM","MMR","104","SEA",2010,415,375,304,,2,2,2,2,2,,,,0,1,,,1,,,,,,,,,,,,,,,,,
"Myanmar","MM","MMR","104","SEA",2011,415,377,318,2,2,2,2,2,2,,2,,0,1,,,1,,,,,,,,,,,,,,,,,
"Myanmar","MM","MMR","104","SEA",2012,458,440,433,65,2,2,2,2,2,2,3,3,1,1,1,1,1,1,,,,,,,,,,,,,,,,
"Myanmar","MM","MMR","104","SEA",2013,486,472,458,65,3,2,2,2,2,2,24,24,0,1,1,1,1,1,1,,,,,,,,,,,,,,,
"Myanmar","MM","MMR","104","SEA",2014,492,406,383,152,3,2,2,2,2,0,38,,0,1,1,1,1,1,1,,,,,,,,,,,,,,,
"Myanmar","MM","MMR","104","SEA",2015,,,,,,,,,,,,,,,,,,,,483,483,42,,3,,,2,2,2,2,0,42,,
"Myanmar","MM","MMR","104","SEA",2016,,,,,,,,,,,,,,,,,,,,516,450,60,,3,0,0,2,2,1,1,1,58,1,1
"Myanmar","MM","MMR","104","SEA",2017,,,,,,,,,,,,,,,,,,,,525,480,73,73,3,2,0,2,0,2,0,1,73,2,0
"Namibia","NA","NAM","516","AFR",2009,31,31,30,,1,1,1,1,0,0,,,0,1,,,1,,,,,,,,,,,,,,,,,
"Namibia","NA","NAM","516","AFR",2010,31,31,31,,1,1,1,1,0,0,,,0,1,,,1,,,,,,,,,,,,,,,,,
"Namibia","NA","NAM","516","AFR",2011,31,31,31,31,1,1,1,1,0,0,0,0,0,1,,,1,,,,,,,,,,,,,,,,,
"Namibia","NA","NAM","516","AFR",2012,31,31,31,31,1,1,0,0,1,0,1,0,0,1,0,0,1,1,,,,,,,,,,,,,,,,
"Namibia","NA","NAM","516","AFR",2013,31,31,31,31,1,1,1,1,0,0,4,4,0,1,0,0,1,1,1,,,,,,,,,,,,,,,
"Namibia","NA","NAM","516","AFR",2014,30,30,,30,1,1,1,1,,,22,22,1,1,0,0,1,1,,,,,,,,,,,,,,,,
"Namibia","NA","NAM","516","AFR",2015,,,,,,,,,,,,,,,,,,,,32,32,25,25,1,1,1,0,0,1,,1,0,,
"Namibia","NA","NAM","516","AFR",2016,,,,,,,,,,,,,,,,,,,,33,33,25,25,1,1,1,1,1,1,1,1,0,1,1
"Namibia","NA","NAM","516","AFR",2017,,,,,,,,,,,,,,,,,,,,32,32,30,30,1,1,1,1,1,1,1,1,0,1,1
"Nauru","NR","NRU","520","WPR",2009,,,,,,,,,,,,,0,1,,,1,,,,,,,,,,,,,,,,,
"Nauru","NR","NRU","520","WPR",2010,,,,,,,,,,,,,0,1,,,1,,,,,,,,,,,,,,,,,
"Nauru","NR","NRU","520","WPR",2011,,,,,,,,,,,,,0,1,,,1,,,,,,,,,,,,,,,,,
"Nauru","NR","NRU","520","WPR",2012,,,,,,,,,,,,,,,,,,,,,,,,,,,,,,,,,,
"Nauru","NR","NRU","520","WPR",2013,,,,,,,,,,,,,,,,,,,,,,,,,,,,,,,,,,
"Nauru","NR","NRU","520","WPR",2014,,,,,,,,,,,,,0,1,,,1,1,1,,,,,,,,,,,,,,,
"Nauru","NR","NRU","520","WPR",2015,,,,,,,,,,,,,,,,,,,,,,,,,,,,,,,,,,
"Nauru","NR","NRU","520","WPR",2016,,,,,,,,,,,,,,,,,,,,,,,,,,,,,,,,,,
"Nauru","NR","NRU","520","WPR",2017,,,,,,,,,,,,,,,,,,,,,,,,,,,,,,,,,,
"Nigeria","NG","NGA","566","AFR",2009,1025,870,843,,4,3,2,2,2,1,,,0,1,,,1,,,,,,,,,,,,,,,,,
"Nigeria","NG","NGA","566","AFR",2010,1025,937,902,,5,4,3,3,3,3,,,0,1,,,1,,,,,,,,,,,,,,,,,
"Nigeria","NG","NGA","566","AFR",2011,1229,956,927,23,5,4,4,4,3,3,8,0,0,1,,,1,,,,,,,,,,,,,,,,,
"Nigeria","NG","NGA","566","AFR",2012,1314,1031,990,30,5,3,3,3,4,0,32,0,0,1,1,1,1,1,,,,,,,,,,,,,,,,
"Nigeria","NG","NGA","566","AFR",2013,1515,1261,1257,207,5,3,3,3,4,4,49,22,0,1,1,1,1,1,1,,,,,,,,,,,,,,,
"Nigeria","NG","NGA","566","AFR",2014,1765,1390,1075,269,8,8,0,0,6,,96,87,1,0,1,1,1,1,1,,,,,,,,,,,,,,,
"Nigeria","NG","NGA","566","AFR",2015,,,,,,,,,,,,,,,,,,,,1881,1652,201,114,8,7,5,2,2,5,3,1,46,,
"Nigeria","NG","NGA","566","AFR",2016,,,,,,,,,,,,,,,,,,,,2193,1912,318,206,6,4,4,2,2,4,4,1,208,2,2
"Nigeria","NG","NGA","566","AFR",2017,,,,,,,,,,,,,,,,,,,,2856,2324,390,390,8,8,8,2,2,8,8,0,380,8,8
"Pakistan","PK","PAK","586","EMR",2009,1159,1005,640,,13,11,8,,0,0,,,1,0,,,1,,,,,,,,,,,,,,,,,
"Pakistan","PK","PAK","586","EMR",2010,1170,1067,738,,14,11,7,5,0,0,,,1,0,,,1,,,,,,,,,,,,,,,,,
"Pakistan","PK","PAK","586","EMR",2011,1187,1107,784,2,12,10,10,7,2,0,16,0,1,0,,,1,,,,,,,,,,,,,,,,,
"Pakistan","PK","PAK","586","EMR",2012,1388,1177,838,4,7,4,4,4,2,0,15,11,1,,1,0,1,1,,,,,,,,,,,,,,,,
"Pakistan","PK","PAK","586","EMR",2013,1396,1345,990,32,11,8,8,8,4,0,32,,1,0,1,1,1,1,0,,,,,,,,,,,,,,,
"Pakistan","PK","PAK","586","EMR",2014,1483,1432,1113,43,12,5,5,5,4,,42,,1,0,1,1,1,1,0,,,,,,,,,,,,,,,
"Pakistan","PK","PAK","586","EMR",2015,,,,,,,,,,,,,,,,,,,,1532,1375,51,51,15,1,1,5,5,4,2,0,0,,
"Pakistan","PK","PAK","586","EMR",2016,,,,,,,,,,,,,,,,,,,,1534,1370,70,,16,2,2,5,5,7,3,0,0,0,0
"Pakistan","PK","PAK","586","EMR",2017,,,,,,,,,,,,,,,,,,,,1571,1542,106,104,19,4,3,5,5,7,3,0,94,2,0
"Papua New Guinea","PG","PNG","598","WPR",2009,118,65,,,1,0,0,,,,,,0,1,,,1,,,,,,,,,,,,,,,,,
"Papua New Guinea","PG","PNG","598","WPR",2010,,,,,,,,,,,,,,,,,,,,,,,,,,,,,,,,,,
"Papua New Guinea","PG","PNG","598","WPR",2011,130,73,,0,0,0,0,,0,0,1,0,0,1,,,1,,,,,,,,,,,,,,,,,
"Papua New Guinea","PG","PNG","598","WPR",2012,112,0,,0,0,0,,,0,,6,,,1,0,,1,1,,,,,,,,,,,,,,,,
"Papua New Guinea","PG","PNG","598","WPR",2013,116,69,66,0,0,0,0,0,0,0,12,,0,1,1,,1,1,0,,,,,,,,,,,,,,,
"Papua New Guinea","PG","PNG","598","WPR",2014,113,,,0,0,0,0,0,0,0,20,0,0,1,1,1,1,1,0,,,,,,,,,,,,,,,
"Papua New Guinea","PG","PNG","598","WPR",2015,,,,,,,,,,,,,,,,,,,,113,,19,,0,0,,0,,0,,0,2,,
"Papua New Guinea","PG","PNG","598","WPR",2016,,,,,,,,,,,,,,,,,,,,122,83,19,0,1,0,,0,,0,,0,16,0,
"Papua New Guinea","PG","PNG","598","WPR",2017,,,,,,,,,,,,,,,,,,,,107,85,23,22,1,0,0,0,0,0,0,0,22,0,0
"Philippines","PH","PHL","608","WPR",2009,2000,1855,1733,,9,3,3,3,1,0,,,1,0,,,1,,,,,,,,,,,,,,,,,
"Philippines","PH","PHL","608","WPR",2010,1986,1815,1719,,8,2,2,2,0,0,,,1,0,,,1,,,,,,,,,,,,,,,,,
"Philippines","PH","PHL","608","WPR",2011,1986,1806,1708,0,10,2,2,2,1,0,14,0,1,0,,,1,,,,,,,,,,,,,,,,,
"Philippines","PH","PHL","608","WPR",2012,2565,1790,1687,2,13,3,3,3,1,0,17,0,1,0,1,1,1,1,,,,,,,,,,,,,,,,
"Philippines","PH","PHL","608","WPR",2013,2561,1799,1713,0,18,3,3,2,0,0,16,0,1,,1,1,1,1,0,,,,,,,,,,,,,,,
"Philippines","PH","PHL","608","WPR",2014,2561,2174,1820,24,22,4,4,3,1,1,84,,1,0,1,1,1,1,1,,,,,,,,,,,,,,,
"Philippines","PH","PHL","608","WPR",2015,,,,,,,,,,,,,,,,,,,,2561,1893,143,143,23,3,3,2,2,1,1,1,2,,
"Philippines","PH","PHL","608","WPR",2016,,,,,,,,,,,,,,,,,,,,2561,2223,197,0,26,0,0,3,1,0,0,1,0,1,0
"Philippines","PH","PHL","608","WPR",2017,,,,,,,,,,,,,,,,,,,,2827,2294,269,0,27,6,5,3,3,0,0,0,40,2,1
"Portugal","PT","PRT","620","EUR",2009,,,,,,,,,,,,,1,0,,,1,,,,,,,,,,,,,,,,,
"Portugal","PT","PRT","620","EUR",2010,88,37,34,,88,22,12,12,18,10,,,1,0,,,1,,,,,,,,,,,,,,,,,
"Portugal","PT","PRT","620","EUR",2011,,,,,,,,,,,,,,,,,,,,,,,,,,,,,,,,,,
"Portugal","PT","PRT","620","EUR",2012,48,30,27,,47,22,10,7,,6,,,1,,1,1,1,1,,,,,,,,,,,,,,,,
"Portugal","PT","PRT","620","EUR",2013,54,30,30,,52,29,7,6,17,4,1,1,1,,1,1,1,1,0,,,,,,,,,,,,,,,
"Portugal","PT","PRT","620","EUR",2014,54,28,26,,52,29,9,8,17,4,1,1,1,,0,0,1,1,1,,,,,,,,,,,,,,,
"Portugal","PT","PRT","620","EUR",2015,,,,,,,,,,,,,,,,,,,,54,28,8,,52,24,7,1,1,10,,0,,,
"Portugal","PT","PRT","620","EUR",2016,,,,,,,,,,,,,,,,,,,,,,,,,,,,,,,0,,,
"Portugal","PT","PRT","620","EUR",2017,,,,,,,,,,,,,,,,,,,,35,,10,,47,24,,1,,3,,0,,2,
"Russian Federation","RU","RUS","643","EUR",2009,3999,1500,,,397,272,150,,,,,,1,0,,,0,,,,,,,,,,,,,,,,,
"Russian Federation","RU","RUS","643","EUR",2010,,1455,,,,,134,51,,,,,1,0,,,0,,,,,,,,,,,,,,,,,
"Russian Federation","RU","RUS","643","EUR",2011,3746,1237,828,,117,,111,,,,,,1,0,,,0,,,,,,,,,,,,,,,,,
"Russian Federation","RU","RUS","643","EUR",2012,1031,1016,825,,117,110,110,83,,,,,1,0,1,1,0,,,,,,,,,,,,,,,,,
"Russian Federation","RU","RUS","643","EUR",2013,5296,1283,819,272,330,218,126,59,6,0,72,0,1,,1,0,0,,,,,,,,,,,,,,,,,
"Russian Federation","RU","RUS","643","EUR",2014,5347,1171,858,341,405,299,99,78,6,0,96,13,1,0,1,1,1,1,1,,,,,,,,,,,,,,,
"Russian Federation","RU","RUS","643","EUR",2015,,,,,,,,,,,,,,,,,,,,6210,1057,173,12,422,318,99,,89,11,,0,,,
"Russian Federation","RU","RUS","643","EUR",2016,,,,,,,,,,,,,,,,,,,,6076,635,189,16,397,303,96,240,,12,,0,,4,
"Russian Federation","RU","RUS","643","EUR",2017,,,,,,,,,,,,,,,,,,,,5996,671,204,90,378,47,,249,90,5,,0,,8,
"Sierra Leone","SL","SLE","694","AFR",2009,116,112,86,,,,,,,,,,0,0,,,1,,,,,,,,,,,,,,,,,
"Sierra Leone","SL","SLE","694","AFR",2010,148,110,88,,0,0,0,0,0,0,,,0,0,,,1,,,,,,,,,,,,,,,,,
"Sierra Leone","SL","SLE","694","AFR",2011,154,94,88,0,0,0,0,0,0,0,0,0,0,0,,,1,,,,,,,,,,,,,,,,,
"Sierra Leone","SL","SLE","694","AFR",2012,161,102,85,0,0,0,,,0,,0,,0,0,1,1,1,1,,,,,,,,,,,,,,,,
"Sierra Leone","SL","SLE","694","AFR",2013,167,102,74,0,0,0,0,0,0,0,0,0,0,1,1,,1,1,0,,,,,,,,,,,,,,,
"Sierra Leone","SL","SLE","694","AFR",2014,170,,,0,0,0,,,0,,0,,0,0,1,0,1,1,0,,,,,,,,,,,,,,,
"Sierra Leone","SL","SLE","694","AFR",2015,,,,,,,,,,,,,,,,,,,,167,80,0,0,0,0,0,0,0,0,0,1,0,,
"Sierra Leone","SL","SLE","694","AFR",2016,,,,,,,,,,,,,,,,,,,,170,170,6,0,0,0,0,0,0,0,0,0,,0,0
"Sierra Leone","SL","SLE","694","AFR",2017,,,,,,,,,,,,,,,,,,,,170,10,9,9,1,0,,1,0,0,,1,0,1,0
"South Africa","ZA","ZAF","710","AFR",2009,248,248,235,,16,16,16,14,8,0,,,1,1,,,1,,,,,,,,,,,,,,,,,
"South Africa","ZA","ZAF","710","AFR",2010,256,,,,15,15,,,14,,,,1,,,,1,,,,,,,,,,,,,,,,,
"South Africa","ZA","ZAF","710","AFR",2011,244,244,244,,15,15,15,15,10,,55,,1,,,,1,,,,,,,,,,,,,,,,,
"South Africa","ZA","ZAF","710","AFR",2012,187,181,175,181,15,15,15,14,15,15,100,0,1,0,1,1,1,1,,,,,,,,,,,,,,,,
"South Africa","ZA","ZAF","710","AFR",2013,207,160,149,207,15,15,15,15,15,15,207,173,1,0,0,1,1,1,1,,,,,,,,,,,,,,,
"South Africa","ZA","ZAF","710","AFR",2014,207,187,185,207,12,12,12,12,12,12,207,207,1,0,0,1,1,0,1,,,,,,,,,,,,,,,
"South Africa","ZA","ZAF","710","AFR",2015,,,,,,,,,,,,,,,,,,,,216,192,211,211,15,8,8,7,7,16,16,1,211,,
"South Africa","ZA","ZAF","710","AFR",2016,,,,,,,,,,,,,,,,,,,,207,184,207,207,15,15,14,7,7,16,16,1,207,7,7
"South Africa","ZA","ZAF","710","AFR",2017,,,,,,,,,,,,,,,,,,,,203,180,203,203,15,8,8,7,7,15,14,1,203,7,7
"Syrian Arab Republic","SY","SYR","760","EMR",2009,557,69,0,,1,1,1,0,1,1,,,1,0,,,1,,,,,,,,,,,,,,,,,
"Syrian Arab Republic","SY","SYR","760","EMR",2010,557,69,0,,4,1,1,0,1,1,,,1,0,,,1,,,,,,,,,,,,,,,,,
"Syrian Arab Republic","SY","SYR","760","EMR",2011,557,100,,,4,1,1,,1,1,,,0,0,,,1,,,,,,,,,,,,,,,,,
"Syrian Arab Republic","SY","SYR","760","EMR",2012,300,100,,,1,1,1,1,1,1,0,0,0,0,1,1,1,1,,,,,,,,,,,,,,,,
"Syrian Arab Republic","SY","SYR","760","EMR",2013,100,0,0,1,1,1,1,1,1,1,0,0,0,0,1,1,1,1,1,,,,,,,,,,,,,,,
"Syrian Arab Republic","SY","SYR","760","EMR",2014,37,12,12,0,1,1,0,0,0,0,1,0,0,0,0,0,1,1,0,,,,,,,,,,,,,,,
"Syrian Arab Republic","SY","SYR","760","EMR",2015,,,,,,,,,,,,,,,,,,,,45,45,1,,1,1,1,,,,,0,1,,
"Syrian Arab Republic","SY","SYR","760","EMR",2016,,,,,,,,,,,,,,,,,,,,26,5,1,0,1,1,1,0,0,0,0,1,1,0,0
"Syrian Arab Republic","SY","SYR","760","EMR",2017,,,,,,,,,,,,,,,,,,,,30,4,4,4,2,1,1,,,,,1,4,,
"Tajikistan","TJ","TJK","762","EUR",2009,97,94,63,,1,1,1,1,0,0,,,0,1,,,1,,,,,,,,,,,,,,,,,
"Tajikistan","TJ","TJK","762","EUR",2010,93,93,43,,3,1,1,1,0,0,,,0,1,,,1,,,,,,,,,,,,,,,,,
"Tajikistan","TJ","TJK","762","EUR",2011,92,92,45,0,3,1,1,1,2,0,2,0,0,1,,,1,,,,,,,,,,,,,,,,,
"Tajikistan","TJ","TJK","762","EUR",2012,89,89,66,4,3,1,1,1,1,1,3,3,1,0,0,1,1,1,,,,,,,,,,,,,,,,
"Tajikistan","TJ","TJK","762","EUR",2013,87,87,69,4,4,1,1,1,2,2,11,11,1,1,0,0,1,1,0,,,,,,,,,,,,,,,
"Tajikistan","TJ","TJK","762","EUR",2014,84,83,83,5,5,1,1,1,3,0,14,0,1,0,0,0,1,1,1,,,,,,,,,,,,,,,
"Tajikistan","TJ","TJK","762","EUR",2015,,,,,,,,,,,,,,,,,,,,84,82,15,0,6,1,1,1,1,3,3,0,0,,
"Tajikistan","TJ","TJK","762","EUR",2016,,,,,,,,,,,,,,,,,,,,84,81,15,0,6,1,1,1,1,3,3,0,0,0,0
"Tajikistan","TJ","TJK","762","EUR",2017,,,,,,,,,,,,,,,,,,,,84,80,15,0,6,1,1,1,1,6,6,0,0,2,2
"Thailand","TH","THA","764","SEA",2009,1101,900,890,,64,15,12,12,2,2,,,1,1,,,1,,,,,,,,,,,,,,,,,
"Thailand","TH","THA","764","SEA",2010,1081,865,865,,65,15,15,15,2,0,,,1,0,,,1,,,,,,,,,,,,,,,,,
"Thailand","TH","THA","764","SEA",2011,1100,990,973,6,65,15,15,15,2,0,11,0,1,1,,,1,,,,,,,,,,,,,,,,,
"Thailand","TH","THA","764","SEA",2012,1081,970,875,65,65,18,18,18,12,0,14,0,1,0,1,1,1,1,,,,,,,,,,,,,,,,
"Thailand","TH","THA","764","SEA",2013,1081,970,875,65,65,18,18,18,12,0,14,0,1,0,1,1,1,1,1,,,,,,,,,,,,,,,
"Thailand","TH","THA","764","SEA",2014,908,738,606,24,53,20,12,7,12,6,14,4,1,0,1,1,1,1,0,,,,,,,,,,,,,,,
"Thailand","TH","THA","764","SEA",2015,,,,,,,,,,,,,,,,,,,,932,858,53,0,55,21,1,3,1,17,1,1,10,,
"Thailand","TH","THA","764","SEA",2016,,,,,,,,,,,,,,,,,,,,1190,1001,53,39,64,22,3,4,3,17,16,1,44,2,1
"Thailand","TH","THA","764","SEA",2017,,,,,,,,,,,,,,,,,,,,1197,823,110,57,58,20,19,20,19,19,18,1,0,1,1
"Togo","TG","TGO","768","AFR",2009,110,110,101,,1,1,1,1,0,0,,,0,0,,,1,,,,,,,,,,,,,,,,,
"Togo","TG","TGO","768","AFR",2010,111,59,59,,1,1,1,1,1,1,,,0,0,,,1,,,,,,,,,,,,,,,,,
"Togo","TG","TGO","768","AFR",2011,115,59,59,1,1,1,1,1,0,0,0,0,0,0,,,1,,,,,,,,,,,,,,,,,
"Togo","TG","TGO","768","AFR",2012,111,59,57,0,1,1,1,1,0,0,1,1,0,0,1,1,1,1,,,,,,,,,,,,,,,,
"Togo","TG","TGO","768","AFR",2013,59,0,0,0,1,1,1,1,0,0,1,,0,0,1,1,1,1,0,,,,,,,,,,,,,,,
"Togo","TG","TGO","768","AFR",2014,59,0,0,1,1,1,1,1,0,0,1,0,0,0,1,1,1,1,1,,,,,,,,,,,,,,,
"Togo","TG","TGO","768","AFR",2015,,,,,,,,,,,,,,,,,,,,124,69,1,1,1,1,1,0,0,0,0,0,1,,
"Togo","TG","TGO","768","AFR",2016,,,,,,,,,,,,,,,,,,,,152,69,1,1,1,1,1,0,0,0,0,0,1,0,0
"Togo","TG","TGO","768","AFR",2017,,,,,,,,,,,,,,,,,,,,168,69,6,6,1,1,1,0,0,0,0,1,0,0,0
"Tonga","TO","TON","776","WPR",2009,1,1,1,,0,0,0,0,0,0,,,0,1,,,1,,,,,,,,,,,,,,,,,
"Tonga","TO","TON","776","WPR",2010,1,1,1,,0,0,0,0,0,0,,,0,1,,,1,,,,,,,,,,,,,,,,,
"Tonga","TO","TON","776","WPR",2011,,,,,,,,,,,,,0,1,,,1,,,,,,,,,,,,,,,,,
"Tonga","TO","TON","776","WPR",2012,,,,,,,,,,,,,0,1,,,1,0,,,,,,,,,,,,,,,,
"Tonga","TO","TON","776","WPR",2013,,,,,,,,,,,,,0,1,,,1,1,1,,,,,,,,,,,,,,,
"Tonga","TO","TON","776","WPR",2014,,,,,,,,,,,,,0,1,,,1,1,1,,,,,,,,,,,,,,,
"Tonga","TO","TON","776","WPR",2015,,,,,,,,,,,,,,,,,,,,,,,,,,,,,,,,,,
"Tonga","TO","TON","776","WPR",2016,,,,,,,,,,,,,,,,,,,,,,,,,,,,,,,,,,
"Tonga","TO","TON","776","WPR",2017,,,,,,,,,,,,,,,,,,,,,,,,,,,,,,,,,,
"United Republic of Tanzania","TZ","TZA","834","AFR",2009,700,40,25,,1,1,1,1,0,0,,,0,1,,,1,,,,,,,,,,,,,,,,,
"United Republic of Tanzania","TZ","TZA","834","AFR",2010,720,504,108,,4,2,2,2,2,2,,,1,1,,,1,,,,,,,,,,,,,,,,,
"United Republic of Tanzania","TZ","TZA","834","AFR",2011,945,13,4,26,5,1,1,1,1,0,6,0,1,1,,,1,,,,,,,,,,,,,,,,,
"United Republic of Tanzania","TZ","TZA","834","AFR",2012,945,,,156,4,1,1,1,3,3,13,4,1,,1,1,1,1,,,,,,,,,,,,,,,,
"United Republic of Tanzania","TZ","TZA","834","AFR",2013,945,,,156,5,1,1,1,3,3,35,,1,0,1,1,1,1,1,,,,,,,,,,,,,,,
"United Republic of Tanzania","TZ","TZA","834","AFR",2014,945,330,,135,4,1,1,1,3,,59,0,1,0,1,1,1,1,1,,,,,,,,,,,,,,,
"United Republic of Tanzania","TZ","TZA","834","AFR",2015,,,,,,,,,,,,,,,,,,,,950,350,62,62,4,1,1,1,1,3,3,1,46,,
"United Republic of Tanzania","TZ","TZA","834","AFR",2016,,,,,,,,,,,,,,,,,,,,1199,1199,68,68,4,1,1,1,1,3,3,1,46,,
"United Republic of Tanzania","TZ","TZA","834","AFR",2017,,,,,,,,,,,,,,,,,,,,1199,1199,68,68,6,1,1,1,1,3,3,1,56,2,2
"Viet Nam","VN","VNM","704","WPR",2009,800,800,725,,23,2,0,0,2,0,,,1,0,,,1,,,,,,,,,,,,,,,,,
"Viet Nam","VN","VNM","704","WPR",2010,800,800,720,,23,2,0,0,2,0,,,1,0,,,1,,,,,,,,,,,,,,,,,
"Viet Nam","VN","VNM","704","WPR",2011,800,800,720,2,25,2,2,2,2,2,2,2,1,0,,,1,,,,,,,,,,,,,,,,,
"Viet Nam","VN","VNM","704","WPR",2012,800,800,720,2,25,2,2,2,2,2,22,22,1,0,0,1,1,1,,,,,,,,,,,,,,,,
"Viet Nam","VN","VNM","704","WPR",2013,975,956,872,24,24,2,2,2,2,0,27,22,1,0,1,1,1,1,1,,,,,,,,,,,,,,,
"Viet Nam","VN","VNM","704","WPR",2014,989,982,922,20,23,2,0,0,2,0,30,22,1,1,0,1,1,1,1,,,,,,,,,,,,,,,
"Viet Nam","VN","VNM","704","WPR",2015,,,,,,,,,,,,,,,,,,,,1078,1068,61,39,27,0,0,2,2,2,0,0,,,
"Viet Nam","VN","VNM","704","WPR",2016,,,,,,,,,,,,,,,,,,,,1012,1012,62,57,29,0,0,3,3,0,0,0,0,2,2
"Viet Nam","VN","VNM","704","WPR",2017,,,,,,,,,,,,,,,,,,,,1040,926,74,74,30,0,0,3,3,0,0,1,0,3,3
"Wallis and Futuna Islands","WF","WLF","876","WPR",2009,,,,,,,,,,,,,,1,,,0,,,,,,,,,,,,,,,,,
"Wallis and Futuna Islands","WF","WLF","876","WPR",2010,,,,,,,,,,,,,,,,,,,,,,,,,,,,,,,,,,
"Wallis and Futuna Islands","WF","WLF","876","WPR",2011,,,,,,,,,,,,,0,0,,,1,,,,,,,,,,,,,,,,,
"Wallis and Futuna Islands","WF","WLF","876","WPR",2012,,,,,,,,,,,,,,,,,,,,,,,,,,,,,,,,,,
"Wallis and Futuna Islands","WF","WLF","876","WPR",2013,,,,,,,,,,,,,,1,,,1,1,1,,,,,,,,,,,,,,,
"Wallis and Futuna Islands","WF","WLF","876","WPR",2014,,,,,,,,,,,,,,1,,,1,1,1,,,,,,,,,,,,,,,
"Wallis and Futuna Islands","WF","WLF","876","WPR",2015,,,,,,,,,,,,,,,,,,,,,,,,,,,,,,,,,,
"Wallis and Futuna Islands","WF","WLF","876","WPR",2016,,,,,,,,,,,,,,,,,,,,,,,,,,,,,,,,,,
"Wallis and Futuna Islands","WF","WLF","876","WPR",2017,,,,,,,,,,,,,,,,,,,,,,,,,,,,,,,,,,
"Zambia","ZM","ZMB","894","AFR",2009,223,92,58,,,3,3,3,0,0,,,0,0,,,1,,,,,,,,,,,,,,,,,
"Zambia","ZM","ZMB","894","AFR",2010,,,,,,,,,,,,,0,0,,,1,,,,,,,,,,,,,,,,,
"Zambia","ZM","ZMB","894","AFR",2011,,,,,,,,,,,,,,,,,,,,,,,,,,,,,,,,,,
"Zambia","ZM","ZMB","894","AFR",2012,217,,,3,3,,,,,,,,1,0,1,1,1,1,,,,,,,,,,,,,,,,
"Zambia","ZM","ZMB","894","AFR",2013,364,,,3,3,,,,,,,,1,0,1,1,1,1,1,,,,,,,,,,,,,,,
"Zambia","ZM","ZMB","894","AFR",2014,364,,,3,3,1,,,1,,21,,1,0,1,1,1,1,1,,,,,,,,,,,,,,,
"Zambia","ZM","ZMB","894","AFR",2015,,,,,,,,,,,,,,,,,,,,374,288,56,27,3,3,1,0,0,1,0,1,0,,
"Zambia","ZM","ZMB","894","AFR",2016,,,,,,,,,,,,,,,,,,,,370,370,69,22,3,3,3,3,0,1,0,1,0,1,0
"Zambia","ZM","ZMB","894","AFR",2017,,,,,,,,,,,,,,,,,,,,370,370,146,37,3,3,3,0,0,2,2,1,0,0,0
"Zimbabwe","ZW","ZWE","716","AFR",2009,126,126,115,,1,1,0,0,0,0,,,0,0,,,1,,,,,,,,,,,,,,,,,
"Zimbabwe","ZW","ZWE","716","AFR",2010,117,93,71,,2,2,2,2,0,0,,,0,0,,,1,,,,,,,,,,,,,,,,,
"Zimbabwe","ZW","ZWE","716","AFR",2011,151,124,120,4,2,2,2,2,0,0,11,0,0,0,,,1,,,,,,,,,,,,,,,,,
"Zimbabwe","ZW","ZWE","716","AFR",2012,185,148,131,2,2,2,2,2,0,0,17,0,0,0,1,1,1,1,,,,,,,,,,,,,,,,
"Zimbabwe","ZW","ZWE","716","AFR",2013,211,187,177,2,2,2,2,2,1,0,58,0,1,1,1,1,1,1,1,,,,,,,,,,,,,,,
"Zimbabwe","ZW","ZWE","716","AFR",2014,220,220,195,22,2,2,2,2,1,,62,,1,1,1,1,1,1,1,,,,,,,,,,,,,,,
"Zimbabwe","ZW","ZWE","716","AFR",2015,,,,,,,,,,,,,,,,,,,,225,210,108,108,2,2,2,1,1,2,,0,4,,
"Zimbabwe","ZW","ZWE","716","AFR",2016,,,,,,,,,,,,,,,,,,,,232,220,116,50,2,2,2,1,1,2,,1,4,2,
"Zimbabwe","ZW","ZWE","716","AFR",2017,,,,,,,,,,,,,,,,,,,,235,220,127,50,2,2,2,2,2,2,0,1,42,2,2
